№,Объект,router,olt,switch,controller,кол-во AP,AP-IP,UpLink,Адрес,Комментарии,zbx,owfV2,6hhz,,,,,,
1,02-ALM-OWF-EssentaiRiver,10.40.68.1,10.40.220.201,,,,,,,"admin
ZTEzte!123",+,1,,,,,,,
2,02-ALM-OWF-Terrenkur,10.40.66.1 10.40.220.203,,10.40.66.2; 10.40.66.3; 10.40.66.4; 10.40.66.5(SW4_309); 10.40.66.6; 10.40.66.7; 10.40.66.8; 10.40.66.9; 10.40.66.101(sw9); 10.40.66.151(sw10); 10.40.66.146(sw11) 10.40.66.147(sw12); 10.40.66.149(sw13); 10.40.66.153(sw14); 10.40.66.154(sw15); 10.40.66.155(sw16); 10.40.66.132(sw17);  10.40.66.133(sw18); 10.40.66.135(sw19);,10.40.66.10,58,,,,,+,,,,,,,,
3,02-ALM-OWF-Policlinika-36,10.41.148.49,,10.41.3.190,,8,,BS93_SW,,,+,,,,,,,,
4,02-ALM-OWF-EsentaiSquare,10.40.63.1,,10.40.63.4,https://cloud-a1.ruijienetworks.com/,3,,,,,+,,,,,,,,
5,02-ALM-B2B-ClubT,10.40.67.1,,10.40.67.100 Huawei/Adicom2023@,10.40.67.10 / ddma12345,5,,,,,+,,,,,,,,
6,02-ALM-OWF-CentralStadium,10.40.65.1 10.40.65.254,,10.40.65.2 10.40.65.3 10.40.65.4 10.40.65.5 10.40.65.6 10.40.65.7 10.40.65.8 10.40.65.9,10.40.65.10,135,,02-ALM-US30-SW-001,,Lp38E7nd   switch password,+,,,,,,,,
7,02-ALM-OWF-Almaty100WiFi,10.40.150.1,,"1. 10.40.150.2 - OWF-004                 2. 10.40.150.3 - OWF-002
3. 10.40.150.4 - OWF-003                 4. 10.40.150.5 - OWF-001
5. 10.40.150.6 - OWF-005
6. 10.40.150.7- OWF-010
7. 10.40.150.8 - OWF-006
8. 10.40.150.9 - OWF-007
9. 10.40.150.10 - OWF-009
10. 10.40.150.11 - OWF-008
11. 10.40.150.12 - OWF-011
12. 10.40.150.13 - OWF-015
13. 10.40.150.14 - OWF-012-14      10. 10.40.150.15 - OWF-026-27
15. 10.40.150.16 - OWF-016-17
16. 10.40.150.17 - OWF-018-19
17. 10.40.150.18 - OWF-020-21
18. 10.40.150.19 - OWF-022-23
19. 10.40.150.20 - OWF-024
20. 10.40.150.21 - OWF-025
21. 10.40.150.22 - OWF-028-29
22. 10.40.150.23 - OWF-030-31      23. 10.40.150.24 - OWF-032-33
24. 10.40.150.25 - OWF-034-35      25. 10.40.150.26 - OWF-036-37      26. 10.40.150.27 - OWF-038-40      27. 10.40.150.28 - OWF-041-42      28. 10.40.150.29 - OWF-043-44      29. 10.40.150.30 - OWF-045-48      30. 10.40.150.31 - OWF-049-50      31. 10.40.150.32 - OWF-051           32. 10.40.150.33 - OWF-052           33. 10.40.150.34 - OWF-053            34. 10.40.150.35 - OWF-054           35. 10.40.150.36 - OWF-055-56      36. 10.40.150.37 - OWF-057           37. 10.40.150.38 - OWF-058             38. 10.40.150.39 - OWF-059           39. 10.40.150.40 - OWF-060            40. 10.40.150.41 - OWF-061-63      41. 10.40.150.42 - OWF-064-65       42. 10.40.150.43 - OWF-066-67        43. 10.40.150.44 - OWF-068-69          44. 10.40.150.45 - link to p21(ovn322)          45. 10.40.150.46 - OWF-070-71       46. 10.40.150.47 - OWF-072-074       47. 10.40.150.48 - OWF-075-77       48. 10.40.150.49 - OWF-078-79      49. 10.40.150.50 - OWF-80-81        50. 10.40.150.51 - OWF-82-83",,116,,1. BS27_SW                                  2. BS53_SW                                  3. BS35_SW                                    4. BS34_SW                                   5. BS80_SW                                         6. BS27_SW                                   7. BS42_SW                     8.BS54_SW                                   9. BS34_SW                                10. BS30_SW                                11. BS42_SW                               12. BS6_SW                                13. BS7_SW                                 14. BS93k1_SW                           15. BS10K1_SW                          16. BS10K1_SW                           17. BS93k1_SW                           18. BS93k1_SW                 19.BS93k1_SW                             20. BS93k1_SW                            21. BS93k1_SW                           22. BS93k1_SW                           23. BS10k1_SW                           24. BS10k1_SW                           25. BS10k1_SW                           26. BS123_SW                             27. BS10_SW                               28. BS10_SW                              29. BS11_SW                               30. BS10_SW                              31. BS12_SW                              32. BS12_SW                              33. BS12_SW                              34. BS12_SW                              35. BS137_SW                              36. BS10_SW                              37. BS06_SW                              38. BS06_SW                              39. BS06_SW                              40. BS12k1_SW                                41. BS43_SW                              42. BS14_SW                                 43. BS14_SW                                 44. BS74_SW                                45. ovn322                                          46. p21                                              47. BS127k1                                      48. BS73_SW                                49. BS7_SW                                   50. BS124_SW,,,+,,,,,,,,
8,02-ALM-OWF-Al-Farabi,10.40.63.1,,10.40.63.2 10.40.63.3 10.40.63.4 10.40.63.5,10.40.63.10,73,,,,,+,,,,,,,,
9,02-ALM-OWF-Airport,10.41.144.3,12,,,,,02-ALM-US84K1-SW-001,,,+,,,,,,,,
10,02-ALM-OWF-GATOB,10.41.148.54,,10.41.148.55 10.41.148.56 10.41.148.63 10.41.148.64,,41,,,,,+,,,,,,,,
11,02-ALM-OWF-Kolsay,10.40.70.1,,10.40.70.3,https://cloud-a1.ruijienetworks.com/,7,,,Atelecom Mo27Cna1E,,-,,,,,,,,
12,02-ALM-OWF-DvorecRespubliki,10.40.69.1  10.41.148.153,,10.40.69.2,,19,,UpLink_BS34_SW002,,,+,1,,,,,,,
13,,,,,,,,,,,,,,,,,,,
15,02-ALM-B2B_Travelers-Coffee_Kazakhstan,128.127.102.142,,Макатаева,,1,,BS120_SW,Курмангазы 43,,+,,руиджи,,,,,,
16,02-ALM-B2B-Seventy-Coffee-Zhandarbekova,128.127.102.48,,,,1,,BS29k1_SW,ул.Жандарбекова 129,,+,,руиджи,,,,,,
17,02-ALM-B2B-SeventyCoffee_Satpaeva55,128.127.102.111,,,,1,,BS29k1_SW,Сатпаева 55,,+,,руиджи,,,,,,
18,02-ALM-B2B-SeventyCoffee-2-Abaya,128.127.102.49,,,,1,,BS29k1_SW,пр. Абая 115,,+,,руиджи,,,,,,
19,COFFEE ORIGINAL KF,128.127.102.151,,,,,,BS141_SW,мкр Казахфильм 19Б,,-,,,,,,,,
20,"АЛМАТИНСКИЙ ФИЛИАЛ ТОО ""MULTIBRAND COMPANY""",128.127.102.155,,,,1,,Extended_HeX-S_from_BS7_SW,микрорайон Жетысу-4 32/2,клиент поставил свое оборудвания ,-,,,,,,,,
21,ЯКУБОГЛЫ ТАМАЗИ ЯКОВЛЕВИЧ ИП (Harissa),128.127.102.9,,,,,,BS60_SW,ул Кабанбай 68,,-,,+,,,,,,
22,02-ALM-B2B-DelCappuccino,128.127.102.11,,,,2,,BS111_SW, ул Толе би 64,,+,,руиджи,,,,,,
23,02-ALM-B2B-IP-Cafe-Asqala,128.127.102.46,,,,2,,BS10_SW,Аксай 1А д. 38,,+,,юбик,,,,,,
24,Абзал ИП Avatariya,128.127.102.154,,,,1,,BS13k1_R2,Саина 16а,,у клиента свое оборудование ,,,,,,,,
25,02-ALM-B2B-IP-Kim,128.127.102.8,,,,1,,BS18_SW, ул Рыскулбекова 31,,логика отключена/ надо добавить,,руиджи,,,,,,
26,02-ALM-B2B-Gil-Batyr,128.127.102.40,,,,5,,BS15_SW,Алтынсарина 8,,+,,+/5я ТД не в доступе,,,,,,
27,02-ALM-B2B-Harissa,128.127.102.9,,,,1,,BS60_SW,ул Кабанбай 68,,+,,+,,,,,,
28,02-ALM-B2B-GloriaJeansCoffee,128.127.102.107,,02-ALM-B2B-GloriaJeansCoffee,,1,,BS58_SW,ул. Абылайхана 113,отказники,+,,,,,,,,
29,"Акционерное общество ""Международный аэропорт Алматы""",128.127.102.84,,,,,,BS84k1_SW,"ул. Майлина, 2",,+,,,,,,,,
30,Калмаханова ИП,128.127.102.102,,,,1,,BS33_SW,пр. Абая 47,"не хорека
",-,,недоступен,,,,,,
31,02-ALM-B2B-Restaurant-Riviera,128.127.102.140,,,,2,,BS99_SW,"Жамбыла, 142",,+,,недоступен,,,,,,
32,02-ALM-B2B-CS-JOY,128.127.102.141; 10.41.148.31,,,,2,,BS120_SW,"Курмангазы 54, Flask cafe",,+,,,,,,,,
33,02-ALM-B2B-ABRestaurants,128.127.102.212,,10.41.148.38:9632,,1,10.41.3.73/29,BS58_SW,Абылай Хана 112/116,,+,,,,,,,,
34,02-ALM-B2B-Avataria-Sholohova29,128.127.102.232,,,,1,,BS79_SW,Шолохова 29,,-/у клиента свое оборудование ,,,,,,,,
35,02-ALM-B2B-April-Tshay,128.127.102.249,,"10.41.148.47 - heX_1;
10.41.149.1 - heX_2",,4,"10.41.3.145/28
10.41.3.147-10.41.3.151",BS28_SW1,"Гагарина , 111Б ",,+,,руиджи,,,,,,
36,02-ALM-B2B-GourmetGroup,128.127.102.197,,"10.41.148.142, 10.41.148.157",,13,,BS110_SW,"богенбай батыра, 85",,+,,+,,,,,,
37,02-ALM-B2B-CafeVeranda,128.127.102.44,,,,2,,BS102_SW,ул Масанчи 79,,+,,руиджи,,,,,,
38,02-ALM-B2B-Kaganat-AkanSery,128.127.102.248,,,,1,,BS79_SW,"Акан Серы , 18",,+,,руиджи,,,,,,
1,02-ALM-B2B-Kaganat-Rayimbeka-212,128.127.102.247,,10.41.148.44:9632,,1,10.41.3.121/29,BS132_SW,"Райымбека, , 212/2",,+,,нет линка на ТД,,,,,,
40,02-ALM-B2B-RasBallroom,128.127.102.226,,,,4,,BS12_SW,"Хан шатыр , 291, Ресторан ",,+,,руиджи,,,,,,
41,02-ALM-B2B-Steppe-Coffee,128.127.102.210,,10.41.148.53,,1,,BS33_SW - шлейф от П119,Желтоксана 162,,+,,руиджи,,,,,,
42,02-ALM-B2B-Qaganat-Gogol-39,178.20.179.176,,10.41.148.58,,1,,BS62_SW,Гоголя 39,,+,,+,,,,,,
43,02-ALM-B2B-Lanzhou-Tastak-1,178.20.179.203,,,,2,,274 Алматы | УС49-Алматы*,"микрорайон Тастак-1, 11/3",линка нет с 24 июль,-,,,,,,,,
44,02-ALM-B2B-LANZHOU-Satpayeva90,178.20.179.201,,,,2,,02-ALM-US27-SW-001,"улица Каныша Сатпаева, 90/30",,+,,+,,,,,,
45,02-ALM-B2B-SEVENTYCOFFEE-Dostyk,178.20.179.9,,,,1,,BS35-SW-001,"Достык , 248",,+,,+,,,,,,
47,02-ALM-B2B-BankaBar-Makataeva,178.20.179.237,,,,4,,муфта от УС65-Алматы*,"макатаева , 81",,-,,+,,,,,,
48,02-ALM-B2B-Respublica-14,178.20.179.12,,,,1,,02-ALM-US120-SW-001,"пр. Достык , 132Б",,+,,руиджи,,,,,,
49,02-ALM-B2B-Mysato,128.127.102.211,,10.41.148.41,,2,,BS66_SW,"Сакена Сейфуллина, 402",отказники,-,,,,,,,,
50,02-ALM-B2B-Kosmodrom,128.127.102.223,,,,1,,BS58_SW,"Желтоксан , 117",,+,,руиджи,,,,,,
51,02-ALM-B2B-Popcorner-Ualihano,128.127.102.108,,,,2,,BS107_SW,"Уалиханова,  47",https://secure.usedesk.ru/tickets/238819658,-,,недоступен,,,,,,
52,02-ALM-B2B-TAGAEV,178.20.177.25,,,,3,,муфта от УС33-Алматы* ,"Абая, 65а",,+,,+,,,,,,
53,02-ALM-B2B-LANZHOU-ZHIBEK-ZHOLY,178.20.177.22,,,,2,,02-ALM-US65-SW-001,"проспект Жибек Жолы, 65\А",,+,,+,,,,,,
54,02-ALM-B2B-LanzhouCompanySayran,178.20.177.19,,,,1,,02-ALM-US47-SW-001,"Сайран , 2/1",,+,,+,,,,,,
55,02-ALM-B2B-IP-Arsultan,178.20.177.28,,10.41.148.76,,2,10.41.4.97/29,муфта от УС57-Алматы*,"Карасай батыра , 88Б",,+,,+,,,,,,
56,02-ALM-B2B-Epoint-Aksay,128.127.102.118,,,,1,,02-ALM-US124-SW-001,"Аксай 4, 17а",клиент поставил свое оборудование,-,,,,,,,,
57,02-ALM-B2B-Helios-Kulzhinka,178.20.179.182,,,,1,,02-ALM-US75-SW-001,"Алматы, Кульджинский тракт 14",,+,,недоступен,,,,,,
58,02-ALM-B2B-INFINITE-Kairbekova62,178.20.177.54,,,,3,,02-ALM-US62-SW-001,"Каирбекова, 62А",,+,,+,,,,,,
59,"Холдинг Фридом, л2тп",10.10.14.16,,,,,,,,,,,,,,,,,
61,02-ALM-B2B-Restaurant_Riviera_HeX,128.127.102.140,,,,2,,BS99_SW,"Жамбыла, 142",,+,,руиджи,,,,,,
62,02-ALM-B2B-INFINITE2-ToleBi72,178.20.177.121,,,,3,,02-ALM-US58-SW,ТолеБи 72,,+,,+,,,,,,
63,02-ALM-B2B-TOO-ASTEK,178.20.179.217,,,,1,,304 Алматы | УС29-Алматы*,"Манаса, 22Б",,+,,+,,,,,,
64,02-ALM-B2B-SHAS-Zhazylbekova,178.20.177.70,,,,1,,02-ALM-US18-SW-001,"Жазылбекова , 20",,+,,+,,,,,,
65,02-ALM-B2B-Otau-Resto-Group,178.20.177.31,,,,4,,02-ALM-US63-SW-001,"мкр Коктобе, 1",,+,,+,,,,,,
66,02-ALM_B2B_MyasoET,178.20.177.23,,Small-kordai77,,1,,02-ALM-US57-SW-001,"Сакена Сейфуллина, , 533",линка нет с 31 окт,-,,,,,,,,
67,02-ALM-B2B-FreedomPAY,"178.20.179.193
10.41.148.51",,,https://cloud-a1.ruijienetworks.com/,2,10.41.3.194; 10.41.3.197,BS58_SW,,,+,,руиджи,,,,,,
68,02-ALM-OWF-BAISAL,"10.41.149.90
178.20.177.146",,"10.41.148.116-heX1; 10.41.148.117-heX2; 10.41.148.118-heX3; 10.41.148.19-sw328; 10.41.148.75-heX_OSI;
10.41.149.92-SW-dom18; 10.41.149.93-SW-dom20; 10.41.149.94-SW-dom22; 10.41.149.95-SW-dom26; 10.41.149.96-SW-dom34; 10.41.149.97-SW-dom36; 10.41.149.98-SW-dom40; 10.41.149.999-SW-dom42;",http://85.116.184.131:8080,14,10.41.9.193/26,Baisal-RB5009 - 328 -10.41.148.19,Санаторная 30,,+,,,,,,,,
69,02-ALM-B2B-Burkit-Finance-Astana,178.20.177.8,,,,2,,02-ALM-US57-SW-001,"улица Айтеке би, 123/1, Офис BURKIT FINANCE",,+,,недоступен,,,,,,
70,02-ALM-OWF-Holding,10.10.14.16:9632,,,,,,atelecom/Lp38E7ndMo27Cna1E,"Проспект Назарбаева, 100/2 ",,+,,,,,,,,
71,02-ALM-B2B-China-hogo,178.20.177.203:9632,,,,1,,BS100_SW,Толе би 130А,,+,,+,,,,,,
72,02-ALM-B2B-SaniCompany,178.20.177.193,,10.41.148.151:9632,,3,10.41.5.41/29,02-ALM-US84K5-SW-001,Бухтарминская улица 2/2,,+,,+,,,,,,
73,02-ALM-B2B-Barik-Besagash,178.20.179.119:9632,,,,1,,02-ALM-US81-SW-001,"Райымбек Батыра,, 2, село Бесагаш,, БАРИК",,+,,+,,,,,,
74,02-ALM-B2B_Coi_Tolebi_174,178.20.177.209,,,,1,,02-ALM-US55-SW-001,толеби 174,,+,,+,,,,,,
75,02-ALM-B2B-HANSharipkanpva,178.20.177.223,,,,2,,02-ALM-US137-SW-001,Шарипканова 21а,,+,,+,,,,,,
76,02-ALM-B2B-Kaganat_Manasa3,10.41.148.175,,,,1,,02-ALM-US029-SW-001,"Манаса 3А,каганат",,+,,+,,,,,,
77,02-ALM-B2B-ChecilpubRozybakiyeva,"178.20.177.231
10.41.148.159",,,,1,,02-ALM-US27-SW-001,"ул. Розыбакиева (пересечение ул. Сатпаева) 77,",,+,,+,,,,,,
78,02-ALM-B2B-Qaganat-Abaya48b,178.20.177.253,,,,2,,02-ALM-US102-SW-001,Абая 48В,,+,,+/на 2тд нет линка,,,,,,
79,02-ALM-B2B-Qaganat-Abaya125A,178.20.177.254,,10.41.148.178,,1,10.41.5.209/29,Uplink_BS129_SW,Абая 125A,,+,,+,,,,,,
80,B2B_Erzhanov_Valikhanova_47,85.116.189.9 10.41.148.181,,,,1,,Uplink_from_ExtendedHex-from_B2B_Popcorner,Валиханова 47,,+,,+,,,,,,
81,"02_ALM_B2B_Kaganat_Altynsarina, 25A",85.116.189.60,,,,1,,Up-link_from_BS94,Алтынсарина 25А,,+,,+,,,,,,
82,02-ALM-B2B_Chechil_Pub_Zharokova,178.20.177.232,,,,1,,02-ALM-US23k1-SW-001,"ул.Дунаевского 18а, помещение Чечил на Жарокова",,+,,руиджи,,,,,,
83,02-ALM-OWF-Fortis,10.41.148.11,,Adicom2023@,https://10.41.155.4:8443/wsg/#m/dashboard,25,10.41.155.11 - 10.41.155.35,84.252.156.215:22322,"​Улица Ходжанова, 2/2",,-,,,,,,,,
1,02-ALM-B2B_Qaganat_Aksay 4 20b,85.116.189.59,,,,1,,02-ALM-US124-SW-001,Аксай-4 20Б,,+,,+,,,,,,
85,02-ALM-B2B-Qaganat7mkr2a,85.116.189.61,,,,1,,02-ALM-US15-SW-001,7 мкр 2А,,+,,+,,,,,,
86,02-ALM-B2B_Kaganat_Tole_bi_264A,85.116.189.84,,,,1,,02-ALM-US52-SW-001,Толе би 264а,,+,,+,,,,,,
87,02-ALM-B2B-Kaganat-Tole-bi-296a,85.116.189.85,,,,1,,02-ALM-US49-SW-001,Толе би 296а,,-,,+,,,,,,
88,02-ALM-B2B-Alimbekova-Gogolya86,85.116.189.148,,10.41.148.238,,1,10.41.6.168/29,02-ALM-US107-SW-001,ИП Уналбаева Ш.(Каганат) Гоголя 86,,+,,+,,,,,,
89,B2B_Suleimanov_Tatarskaya_25,85.116.189.80,,10.41.148.219,,,10.41.6.72/29,,,нет клиента,+,,,,,,,,
90,B2B_Kaganat_Ainabulak_82,85.116.189.83,,10.41.148.222,,1,10.41.6.80/29,02-ALM-US80-SW2,м-он Айнабулак 82,,+,,+,,,,,,
91,B2B_Zhiba_home_Aftsinao_46/2,,,10.41.148.223,,,10.41.6.88/29,,,клиент поставил свое оборудвания ,-,,,,,,,,
92,B2B_IP_KIM,128.127.102.8,,10.40.148.224,,1,10.41.6.96/29,02-ALM-US18-SW-001,,,+,,руиджи,,,,,,
93,02-ALM-OWF-Fortis-Test,,,,,,10.41.6.104/29,,,,-,,,,,,,,
94,B2G_TOO_Smart_Imperium,128.127.102.165,,10.41.144.25,,2,10.41.6.112/29,02-ALM-US41-SW-001,,,-,,+,,,,,,
95,B2B_Lombard_Utegen_batyr,85.116.189.133,,10.41.148.232,,2,10.41.6.120/29,02-ALM-US49-SW-001,ул. Утеген батыра 7в-201,,-,,+,,,,,,
96,B2B_Coffee_Original_ToleBi_185,85.116.189.143,,10.41.148.233,,3,10.41.6.128/29,02-ALM-US55-SW-001,ул.Толе би 185,,+,,+,,,,,,
97,B2B_BLACK BIOTECHNOLOGY,178.20.179.206,,,,,10.41.6.144/28,,,,-,,не доступен,,,,,,
98,Freedom_Processing_AitekeBi_163,178.20.177.245,,,,,,,,,+,,+,,,,,,
99,02-ALM-B2B-Starbucks_AlFaraBi_77/7,85.116.189.175,,10.41.148.241,,1,10.41.6.185/29,Up-Link_Essentai_Square_Switch,Аль Фараби 77/7,,+,,+,,,,,,
100,02-ALM-B2B-TongalHouse,85.116.189.146,,10.41.148.234,,1,"10.41.6.136/29
10.41.6.138",US141-SW-002,Микрорайон Хан-Тенгри 164,https://secure.usedesk.ru/tickets/264366455,+,,,,,,,,
101,02-ALM-OWF-Holding-Essentay,10.10.14.22,,,,,,,,,-,,,,,,,,
102,02-ALM-B2B_Chechil_Pub_TRC_Sputnik,10.41.6.206,,,,1,10.41.6.206,,"​ТРЦ SPUTNIK mall​Микрорайон Мамыр 1, 8а​1 этаж",отказники,-,,,,,,,,
103,02_ALM_B2B_Family_centr_zhumalieva,85.116.188.223,,10.41.149.5:9632,,1,,02-ALM-US91-SW-001,Жумалиева 18,,+,,+,,,,,,
104,B2B_Kaganat_Bogenbai_Batyra_150,85.116.189.221,,10.41.149.7:9632,,1,10.41.6.238,uplink_from_bs57,Богенбай Батыра 150,,- клиент еще не подключен,,,,,,,,
105,B2B_MAD_MURPHY_S_CATERING,85.116.189.224,,,,,,vlan2958_Uplink,Казыбек Би 65,,-,,недоступен,,,,,,
106,02_ALM_B2B_Kaganat_Rayimbeka_152,85.116.189.254,,10.41.149.11,,1,10.41.7.38,02-ALM-US73-SW-001,Райымбека 152,,+,,+,,,,,,
108,02-ALM-B2-Kaganat-Dostyk_108,85.116.189.253,,,,1,10.41.7.54,02-ALM-US120-SW-001,Достык 108,,- клиент еще не подключен,,,,,,,,
111,02-ALM-B2B_KazSmartCompany,85.116.189.174,,10.41.149.19,,1,10.41.7.66,02-ALM-US03-SW-001,Иаева 19,,+,,+,,,,,,
112,B2B_KING FITNESS,85.116.188.137,,,,3,,02-ALM-US93-SW-001,"Наурызбай ауданы, Көктерек 141",,+,,+,,,,,,
113,02-ALM-OWF-ORBITA,10.40.220.209,10.40.240.4; 10.40.240.5; 10.40.240.3; 10.40.240.6,,http://85.116.184.131:8080,71,10.41.152.1/23,"02-ALM-US92K3-SW-001
02-ALM-US92K2-SW-001 
02-ALM-US18K1-SW-001
02-ALM-US20-SW-001","микрорайоны Орбита-1, Орбита-2, Орбита-3, Орбита-4",,+,,,,,,,,
114,02-ALM-OWF-Orbita-Bazar,10.40.220.209,,"10.41.149.45 
10.41.149.46",http://85.116.184.131:8080,5,10.41.152.81/85,02-ALM-US20-SW-001,"Орбита-2, базар",sw-admin/Mo27Cna1E,-,,,,,,,,
115,02-ALM-OWF-Apart-Hotel-AlFarab,10.41.7.129,,10.41.7.130,http://85.116.184.131:8080,4,10.41.7.141/144,02-ALM-Office-R2-CORE,"проспект Аль-Фараби, 103блок1",Up-Link сторонний оператор,+,,,,,,,,
117,02-ALM-OWF-AYUSAY,"10.41.149.28 - R
10.10.11.123 - R - Starlink  127.27.127.56 - R Starlink (unifiAstana)",,"10.41.149.26 - SW001
SW 1-8 10.41.7.226-10.41.7.233
10.41.149.42-heX",,16,10.41.7.225/27,02-ALM-US141-SW-002,"Микрорайон Кокшокы, 1а",sw-admin/Mo27Cna1E,+,,,,,,,,
118,B2B_PANAAYUSAI_Tary_Abylai_hana_55,85.116.188.140,,,,2,10.41.7.82,02-ALM-US65-SW-001,Абылай хана 55,,+,,+,,,,,,
119,02-ALM-OWF-AlemPark,10.40.220.209,,"10.41.149.38-SW1, 10.41.149.39-SW2, 10.41.149.41-heX_SW3, 10.41.149.65-heX2_office, 10.41.149.66-heX3_Cafe, 10.41.149.69-heX4_Cafe_2floor",,8,10.41.8.16/28,02-ALM-US93K1-SW-001,"Улица Жунисова, 340/42",,-,,,,,,,,
120,02-ALM-B2B_FAMILY_CENTER_Zhumalieva,"85.116.188.223
10.41.149.5",,,,1,10.41.8.54,02-ALM-ZHUMALIYEVA-18-OLT-037,Жумалиева 18,,+,,+,,,,,,
121,02-ALM-B2B-KazGroupMetal_ratushnogo_64b,85.116.189.2,,10.41.149.48,,2,10.41.8.57/29,02-ALM-US74-SW-001,Ратушного 64Б,нет линка с БС с 22 авг,+,,,,,,,,
122,02-ALM-B2B-Medicina-Abaya89,"85.116.188.197
10.41.149.33",,,,2,"10.41.7.213
10.41.7.214",02-ALM-US30-SW-001,Абая 89,,+,,+,,,,,,
123,02-ALM-B2B-ChechilPub-mkr4-24B,10.41.148.164,,,,1,10.41.5.168/29,,mkr4-24B,,+,,+,,,,,,
124,02-ALM-B2B-Mur-Mur,10.41.148.121,,,,2,"10.41.4.237, 10.41.4.238",02-ALM-US120-SW-001,"Абылай хана, 141",,+,,+,,,,,,
125,02-ALM-B2B_Suleimanov_Tatarskaya_25,10.41.149.56,,,,1,10.41.8.86,02-ALM-US75-SW-001,Татарская 25,клиента нет,+,,,,,,,,
126,02-ALM-B2B-Jolly-Abaya-109B,10.41.149.57,,,,1,10.41.8.97/29,02-ALM-GLOBUS-SW-001,Абая 109В,,+,,+,,,,,,
127,02-ALM-B2B-KitonikGroup,"10.41.149.58
178.20.177.170",,,,2,10.41.8.89/29,02-ALM-US29-SW-001,Абая 58а,,+,,недоступен,,,,,,
128,B2B_Nazarbayeva_223_RELOG,"85.116.188.216
10.41.149.59",,,,5,10.41.8.97/29,02-ALM-US112-SW-001,Назарбаева 233,,не хорека,,+,,,,,,
129,02-ALM-B2B-TaumanQurulys-Markova75,"10.41.149.44
85.116.188.158",,,,1,10.41.8.41/29,02-ALM-MARKOVA-75-OLT-035,Маркова 75,,+,,+,,,,,,
130,02-ALM-B2B-Partner-Link-Zhandosova,"10.41.149.63
85.116.189.144",,,,2,10.41.8.113/29,02-ALM-US16K1-SW-001,Жандосова 188а,,+,,недоступен,,,,,,
131,02-ALM-B2B-CDEK-Express-Rayimbeka486,"10.41.149.68
94.131.236.43",,10.41.148.126,,10,10.41.8.240/28,02-ALM-US49-SW-001,Райымбека 486,,+,,ТД не пингуются,,,,,,
133,02-ALM-B2B_Aikon_Klub,10.41.149.70,,,,1,10.41.8.210,02-ALM-US65-SW,Жибек жолы 6,,+,,+,,,,,,
135,02-ALM-B2B-Key-One-Zhambyla-48,"10.41.149.73
128.127.102.96",,,,1,,02-ALM-US120-SW-001,"Жамбыла 48, Магазин №33",еще не подключали,-,,,,,,,,
137,02-ALM-B2B-Key-One-Abylaihana-3a,"10.41.149.74
85.116.189.34",,,,1,10.41.8.233/29,02-ALM-US73-SW-001,"Абылай хана 3а, Магазин №40",,+,,+,,,,,,
138,02-ALM-B2B-Key-One-Ondasynova28,10.41.149.75 178.20.179.230,,,,1,10.41.8.126,02-ALM-US38-SW-001,Ондасынова 28,,-,,+,,,,,,
139,02-ALM-B2B_Key_One_Zharokova_219,"10.41.149.79
178.20.177.123",,,,1,10.41.9.2,02-ALM-US24-SW-001,Жарокова 219,,-,,нет линка на ТД,,,,,,
140,02-ALM-B2B-Key-One-Koktem3-17,"10.41.149.83
85.116.189.32",,,,1,10.41.9.30,02-ALM-US30-SW-001,"мкр. Коктем 3 17, магазин",,+,,нет линка на ТД,,,,,,
141,02-ALM-B2B-BeremkulovBO_Aksay3,"10.41.149.86
128.127.102.12",,,,1,10.41.9.41/29,,"микрорайон Аксай-3,, 5/1, офис",линка нет. возможно откз,,,,,,,,,
142,02-ALM-B2B_BeremkulovB.O_Aksay_3B_1B,"10.41.149.87
85.116.188.227",,,,2,10.41.9.49/29,BS_10SW2,микрорайон Аксай-3В-1В,линка нет. возможно откз,,,,,,,,,
144,02-ALM-B2B-RUSLANTOMASSOV-Kazhymukana-101,"10.41.149.35
85.116.188.220",,,,3,10.41.9.65/29,BS_37SW1,"улица Кажымукана, 101/1",,+,,+,,,,,,
146,02-ALM-B2B-ROYAL-FLOWERS-Kanysha-Satpayeva7a,"10.41.149.101
85.116.190.29",,,,4,10.41.9.137/29,BS_34SW,Сатпаева 72А/3,,+,,недоступен,,,,,,
147,02-ALM-B2B-Nazarbaeva-187-ARYN-URB,"10.41.149.89
128.127.102.251",,,,3,10.41.9.129/29,BS_34SW2,Назарбаева 187,,+,,+,,,,,,
148,02-B2B_IP_Saurambaev_Kaganat_Dostyk_108,10.41.149.104 ,,,,3,10.41.9.152/29,ОЛТ   10.40.240.7,Достык 108,,+,,+,,,,,,
149,02-ALM-B2B-GLOBALLINK-COMMERCE-Karasay-batyra229,"10.41.149.106
85.116.190.53",,,,2,10.41.9.161/29,UpLink-from-BS_53SW,"Карасай Батыра, 229",,+,,+,,,,,,
150,02-ALM-OWF-Almaty-Gallery,10.40.66.1(terrenkeur),,10.40.66.105,http://85.116.184.131:8080,,10.40.66.102-104,02-ALM-US110-SW,"проспект Достык, 44",,+,,,,,,,,
151,02-ALM-B2B-3DDental-Nazarbayeva46,"85.116.190.102
10.41.149.108",,,,1,10.41.9.169/29,UpLink-from-BS_,Назарбаева 46,,+,,недоступен,,,,,,
152,02-ALM-B2B-IP-Buirakulova-cafe-Tlektas,"178.20.177.59
10.41.149.13",,,,1,10.41.9.145/29,UpLink-from-BS_141SW1,"улица Квартал А, 43",,+,,+,,,,,,
154,02-ALM-B2B_KEY_ONE_Kurmangazy_178,85.116.190.91,,,,1,10.41.9.62/29,UpLink-from-02-ALM-US28-SW-001,Курмангазы 178,,+,,недоступен,,,,,,
155,02-ALM-B2B-Key-One-Tattymbeta9,"85.116.190.93
10.41.149.117",,,,1,10.41.9.185/29,02-ALM-US141SW1-LU899-OLT-066,"мик Кок-Тобе-2, улица Таттимбета, 9 Магазин №39",,+,,+,,,,,,
156,02-ALM-B2B-Axbauova-AK_Ermensay_3_23,85.116.190.127; 10.41.149.116,,,,2,10.41.10.1/29,," ​Микрорайон Ерменсай 3, 23",,+,,+,,,,,,
158,02-ALM-B2B-Key-One-Masanchi_88,85.116.190.95,,,,1,10.41.8.1/29,UpLink-from-BS_102,Масанчи 88,нет линка с 11 сен,,,,,,,,,
159,02-ALM-B2B-ProGym-Kaldayakova17,"10.41.148.134;
85.116.190.157",,,,1,10.41.10.22,up-link_bs62,"улица Уржар, 17/2",нет линка,,,,,,,,,
160,02-ALM-B2B-Rozybakieva-70g-IP-AdamGroup,10.41.149.122,,,,1,,,,,,,недоступен,,,,,,
161,02-ALM-B2B-IP-PAK-Irina-Andreyevna-Nazarbayeva223,"10.41.149.123
85.116.190.185",,,,6,10.41.10.65/28,Uplink_Extended_hEX_from_BS112k1_SW,Назарбаева 223,,,,+,,,,,,
162,02-ALM-B2B-Key-One-Rayimbeka165,"10.41.149.124
85.116.190.218",,,,1,10.41.10.41/29,,"Райымбека, 165",,,,нет хотспота. Нет линка на ТД,,,,,,
163,02-ALM-B2B-Rozybakieva70g-IP-AdmGroup,"85.116.190.187, 10.41.149.122",,,,1,10.41.10.25,02-ALM-US28-P133-SW-001,Розыбакиева 70г,,,,недоступен,,,,,,
164,02-ALM-B2B-Mix-Auto-Suyunbaya54,"10.41.149.126
178.20.179.74",,,,1,10.41.10.49/29,BS_76,"проспект Суюнбая, 54/1",надо добавить в збкс,,,+,,,,,,
165,02-ALM-B2B-Degirmen-Abaya91a,"178.20.179.75
10.41.149.127",,,,2,10.41.10.62,BS_102,"проспект Абая, 91А",,,,+,,,,,,
166,02-ALM-B2B-Temir_Tulpar_automarket_Suyunbaya_66,"10.41.149.129
178.20.179.82",,,,2,"10.41.10.33/29
10.41.10.38",BS_76,"Суюнбая, 66В",,,,нет линка с БС,,,,,,
167,02-ALM-B2B-IP-707-Tole-bi301B,"10.41.149.130
178.20.179.84",,,,2,10.41.10.81/28,BS_11,"Толе би, 301Б",,,,+,,,,,,
168,02-ALM-B2B_Suyunbaya_42/1_MirAuto_Level_Auto,10.41.149.142; 178.20.179.81,,,,1,10.41.10.96/27,UpLink-from-BS_64,"проспект Суюнбая, 42/1",,,,+,,,,,,
169,02-ALM-B2B-Key-One-Maulenova112,"10.41.149.132
85.116.190.159",,,,1,10.41.10.129/29,BS-103,"Сырбая Мауленова, 112",,,,нет линка на ТД,,,,,,
171,02-ALM-B2B-Coffee-Original-Baganashyl-Syrgabekova19,"10.41.149.133
178.20.179.80",,,,4,10.41.10.137/29,US141-SW-001,"Ныгмета Сыргабекова, 19",,,,,,,,,,
172,02-ALM-B2B-Global-consultant,"10.41.149.139
128.127.102.58",,,,5,10.41.10.145/29,BS-17,Токтабаева 16/1,,,,+,,,,,,
173,02-ALM-B2B-NEOSTRIM,"10.41.149.144
178.20.179.202",,,,3,10.41.10.161/29,BS68,Торетай . 14Б,,,,нет линка с бс,,,,,,
174,02-ALM-B2B-Bankabar-Sholokhova8,"94.131.236.45
10.41.149.156",,,,5,10.41.10.168/29,US79_SW2,Шолохова 8,,,,+,,,,,,
176,02-ALM-B2B_Avto_invest_group_Suyunbaya_128,"94.131.236.51
10.41.149.159",,,,1, 10.41.10.201/29,,"проспект Суюнбая, 128",,,,+,,,,,,
178,02-ALM-B2B_Smile_Dental_Al_Farabi_61,"10.41.149.161
94.131.236.60",,,,3,10.41.10.233/29,BS-30,"проспект Аль-Фараби, 61",,,,+,,,,,,
182,02-ALM-B2B-Kazhymukana-39-ARTLEND,"10.41.149.167
94.131.236.62",,,,2,10.41.11.32/29,БС 35,Кажмукана 39,,,,+,,,,,,
183,02-ALM-B2B_Guldenu_Kids_Almagul_28A,128.127.102.121 / 10.41.149.169,,,,1,10.41.11.48/28,,Алмагуль 28А,,,,+,,,,,,
184,02-ALM-B2B_ZEEP_TECH_Dostyk_40,94.131.236.73  10.41.149.172,,,,1,10.41.11.80/29,Uplink-OLT-02-ALM-US59-P98-OLT,Достык 40,,,,+,,,,,,
185,02-ALM-B2B_Magazin_Gulyaeva_Krasnogorskaya_31,"94.131.236.64
10.41.149.166",,,,1,10.41.11.89/29,UpLink-from-BS_88,Красногорская 31,,,,+,,,,,,
186,02-ALM-OWF-Polilinica17,10.40.220.200,,10.41.149.173 10.41.149.174 10.41.149.175 10.41.149.176 10.41.149.177,,28,10.41.11.131-10.41.11.157,Up_Link_US24-SW-001,"​Проспект Гагарина, 206",,,,,,,,,,
188,02-ALM_B2B_IP_Sazidaziz_Satpaeva_89,"10.41.149.187 , 94.131.236.184",,,,1,10.41.11.97/29,US27-SW-001,Сатпаева 86,,+,,+,,,,,,
189,02-ALM-OWF-Kolsay,"10.40.70.1 - 4011
10.40.71.1 - 5009",,10.40.71.2; 10.40.70.4; 10.40.70.5; 10.40.70.3,85.116.184.131:8080,20,"10.40.70.1/24
10.40.71.1/24",starlink,"Улица Ултаракова, 1а/11",,,,,,,,,,
191,02-ALM-B2B_BATU_AGRO_Globus,10.41.148.155,,,,4,10.41.5.59-10.41.5.62,,,у клиента нет хореки/ хекс недоступен,+,,,,,,,,
192,02-ALM-B2B-AKZH_R,10.41.148.161,,"10.41.148.162, 10.41.148.163",,11,,BS_134,,нет хореки,+,,,,,,,,
193,02-ALM-OWF-AlFarabi-NPP,10.40.220.202,,"10.40.150.120
10.40.150.121",85.116.184.131:8080,2,10.40.72.194-197,"lu76-bs23sw
lu615-bs42sw","43.198368, 76.900321 (ЛУ рядом с мостом на опоре)
43.209884, 76.916694 (комплекс который прям на мосту)",,,,,,,,,,
194,02-ALM-B2B-IP-Mamedov-Bogenbai-Batyra-62/2,"94.131.228.63
10.41.149.198",,,,1,10.41.11.217/29,BS-60,"Богенбай батыра, 62/2",,+,,,,,,,,
195,02-ALM-B2B-IP-Mamedov-Kasteeva-15,"94.131.228.61
10.41.149.199",,,,1,10.41.11.225/29,BS-60,"Абильхана Кастеева, 15",,+,,,,,,,,
196,02-ALM-B2B-IP-Mamedov-Bogenbai-43,10.41.149.200,,,,1,10.41.11.233/29,BS-60,"Богенбай батыра, 43",,+,,,,,,,,
197,02-ALM-B2B-Uclinic,10.41.149.201,,,,2,10.41.11.241/29,,Абылайхана 113,,+,,,,,,,,
198,02-ALM-B2B-Adal-Kabanbai-Batyra-83,"10.41.149.192
94.131.228.32",,,,2,10.41.11.193/29,US58-LU902-OLT-062,"Кабанбай батыра, 83",,+,,,,,,,,
199,02-ALM-B2B-IPBaimbetova,10.41.149.188,,,,4,10.41.11.115-118,,Абылай хана 96,,+,,,,,,,,
200,02-ALM-B2B-IP-Sakenov-4mkr-1a,"94.131.228.75
10.41.149.204",,,,2,10.41.11.249/29,US05,"4-й микрорайон, 1А",,+,,,,,,,,
201,02-ALM-B2B-KeyOne-Zhazylbeka20,"10.41.149.81
178.20.177.152",,,,,,,,,+,,,,,,,,
202,02-ALM-B2B_Koshek_batyra_20_IP_Iris,"85.116.190.124
10.41.149.111
10.41.149.114",,,,5,,,,не хорека,+,,,,,,,,
203,02-ALM-OWF-Shymbulak,"10.41.149.209
10.41.12.1",,"10.41.12.2 /  10.41.12.8
10.41.12.3 /  10.41.12.9
10.41.12.4 /  10.41.12.10
10.41.12.5 /  10.41.12.11
10.41.12.6 /  10.41.12.12
10.41.12.7
",http://85.116.184.131:8080,48,10.41.12.21-10.41.12.69,UpLink-from-NTS,горный курорт Шымбулак,,,,,,,,,,
204,02-ALM-OWF-Kok-Tobe,10.41.149.210,,"SW-01	10.41.12.194 SW-02	10.41.12.195-207",http://85.116.184.131:8080,22,10.41.12.208-10.41.12.229,UpLink-from-NTS,,,,,,,,,,,
205,02-ALM-B2B-Digermen-Tole-Bi,94.131.236.166,,,,3,,,,,,,,,,,,,
206,,,,,,,,,,,,,,,,,,,
,,,,,,,,,,,,,,,,,,,
,,,,,,,,,,,,,,,,,,,
,,,,,,,,,,,,,,,,,,,
,,,,,,,,,,,,,,,,,,,
,,,,,,,,,,,,,,,,,,,
,,,,,,,,,,,,,,,,,,,
,,,,,,,,,,,,,,,,,,,
,,,,,,,,,,,,,,,,,,,
,,,,,,,,,,,,,,,,,,,
,,,,,,,,,,,,,,,,,,,
