№,Объект / наименование,ip address,Фактический адрес,Вендор ТД,Модель ТД,mac-address,Количество ТД,Дата подключения,6GHz,,,,,,,,,,,,,,,,,,,,,,,,,,,,,,,,
1,Аэропорт,-,"Проспект Кабанбай батыр, 119",Ubiquti,"UniFi AP-AC-Lite, UniFi AP-AC-Pro, U6-LR",-,29,prior to 2024,,,,,,,,,,,,,,,,,,,,,,,,,,,,,,,,,
,,,,,,,,,,,,,,,,,,,,,,,,,,,,,,,,,,,,,,,,,
,,,,,,,,,,,,,,,,,,,,,,,,,,,,,,,,,,,,,,,,,
,Контроллер,10.31.121.36,,,,,,,,,,,,,,,,,,,,,,,,,,,,,,,,,,,,,,,
1,10Aps_B5_2FL_3flcross,172.23.10.19,,,UniFi AP-AC-Lite,80:2a:a8:56:34:5e,,,,,,,,,,,,,,,,,,,,,,,,,,,,,,,,,,,
2,"	11Aps_B5-A4_2FL_3flcross",172.23.10.5,,,UniFi AP-AC-Lite,80:2a:a8:19:c8:40,,,,,,,,,,,,,,,,,,,,,,,,,,,,,,,,,,,
3,"	12Aps_A4_2FL",172.23.10.2,,,UniFi AP-AC-Lite,80:2a:a8:19:c7:b,,,,,,,,,,,,,,,,,,,,,,,,,,,,,,,,,,,
4,15Aps_A2-A1_2FL,172.23.10.20,,,UniFi AP-AC-Lite,80:2a:a8:53:d3:68,,,,,,,,,,,,,,,,,,,,,,,,,,,,,,,,,,,
5,19APs_GalaMart_1FL,172.23.10.3,,,UniFi AP-AC-Lite,80:2a:a8:56:33:6a,,,,,,,,,,,,,,,,,,,,,,,,,,,,,,,,,,,
6,1Aps_CIPKZ-1FL_3flcross,172.23.10.9,,,UniFi AP-AC-Lite,80:2a:a8:53:d3:3b,,,,,,,,,,,,,,,,,,,,,,,,,,,,,,,,,,,
7,21Aps_u_Mosta_slevo_2FL_3flcross,172.23.10.10,,,UniFi AP-AC-Lite,80:2a:a8:56:32:cf,,,,,,,,,,,,,,,,,,,,,,,,,,,,,,,,,,,
8,22APs_u_Mosta_spravo_2FL_3flcross,172.23.10.8,,,UniFi AP-AC-Lite,80:2a:a8:53:d5:1c,,,,,,,,,,,,,,,,,,,,,,,,,,,,,,,,,,,
9,23APs_Kafe_Zhibek_zholy_2FL,172.23.10.7,,,UniFi AP-AC-Lite,80:2a:a8:19:c9:e5,,,,,,,,,,,,,,,,,,,,,,,,,,,,,,,,,,,
10,3Aps_Most_1FL,172.23.10.11,,,UniFi AP-AC-Lite,80:2a:a8:19:c7:d0,,,,,,,,,,,,,,,,,,,,,,,,,,,,,,,,,,,
11,5Aps_CIP-MN_1FL,172.23.10.4,,,UniFi AP-AC-Lite,80:2a:a8:53:d5:b2,,,,,,,,,,,,,,,,,,,,,,,,,,,,,,,,,,,
12,7Aps_Hotel_1FL,172.23.10.6,,,UniFi AP-AC-Lite,80:2a:a8:56:33:4f,,,,,,,,,,,,,,,,,,,,,,,,,,,,,,,,,,,
13,8Aps_B6_2FL_3flcross,172.23.10.12,,,UniFi AP-AC-Lite,80:2a:a8:56:33:9a,,,,,,,,,,,,,,,,,,,,,,,,,,,,,,,,,,,
14,9Aps_B6-B5_2FL_3fl-cross,172.23.10.25,,,UniFi AP-AC-Lite,80:2a:a8:53:d3:77,,,,,,,,,,,,,,,,,,,,,,,,,,,,,,,,,,,
15,UniFi AP-AC-Pro,172.23.10.28,,,UniFi AP-AC-Pro,d0:21:f9:36:f6:d0,,,,,,,,,,,,,,,,,,,,,,,,,,,,,,,,,,,
16,UniFi AP-AC-Pro,172.23.10.29,,,UniFi AP-AC-Pro,d0:21:f9:36:f7:95,,,,,,,,,,,,,,,,,,,,,,,,,,,,,,,,,,,
17,UniFi AP-AC-Pro,172.23.10.30,,,UniFi AP-AC-Pro,d0:21:f9:39:0c:00,,,,,,,,,,,,,,,,,,,,,,,,,,,,,,,,,,,
18,UniFi AP-AC-Pro,172.23.10.13,,,UniFi AP-AC-Pro,d0:21:f9:39:07:f6,,,,,,,,,,,,,,,,,,,,,,,,,,,,,,,,,,,
19,UniFi AP-AC-Pro,172.23.10.24,,,UniFi AP-AC-Pro,d0:21:f9:36:f4:65,,,,,,,,,,,,,,,,,,,,,,,,,,,,,,,,,,,
20,13Aps_A3_2FL,172.23.10.22,,,UniFi AP-AC-Lite,80:2a:a8:56:34:02,,,,,,,,,,,,,,,,,,,,,,,,,,,,,,,,,,,
21,14Aps_A2_2FL,172.23.10.17,,,UniFi AP-AC-Lite,80:2a:a8:56:33:82,,,,,,,,,,,,,,,,,,,,,,,,,,,,,,,,,,,
22,16Aps_A1_2FL,172.23.10.14,,,UniFi AP-AC-Lite,80:2a:a8:56:31:b5,,,,,,,,,,,,,,,,,,,,,,,,,,,,,,,,,,,
23,17APs_Bankomaty_1FL,172.23.10.21,,,UniFi AP-AC-Lite,80:2a:a8:53:d4:14,,,,,,,,,,,,,,,,,,,,,,,,,,,,,,,,,,,
24,18Aps_u_Lifta_1FL_2flcross,172.23.10.15,,,UniFi AP-AC-Lite,80:2a:a8:56:33:ec,,,,,,,,,,,,,,,,,,,,,,,,,,,,,,,,,,,
25,20APs_KassaBekAir_2FL,172.23.10.18,,,UniFi AP-AC-Lite,80:2a:a8:56:32:d0,,,,,,,,,,,,,,,,,,,,,,,,,,,,,,,,,,,
26,2Aps_ZProleta_1FL,172.23.10.23,,,UniFi AP-AC-Lite,80:2a:a8:53:d2:3b,,,,,,,,,,,,,,,,,,,,,,,,,,,,,,,,,,,
27,4Aps_BagajMN_1FL_2flcross,172.23.10.16,,,UniFi AP-AC-Lite,80:2a:a8:56:32:cb,,,,,,,,,,,,,,,,,,,,,,,,,,,,,,,,,,,
28,6Aps_Hotel_1FL,172.23.10.27,,,UniFi AP-AC-Lite,80:2a:a8:56:33:66,,,,,,,,,,,,,,,,,,,,,,,,,,,,,,,,,,,
29,UniFi AP-AC-Pro,172.23.10.26,,,"	UniFi AP-AC-Pro",d0:21:f9:36:f4:ac,,,,,,,,,,,,,,,,,,,,,,,,,,,,,,,,,,,
2,ТРЦ Хан-Шатыр,,"​Проспект Туран, 37","Ubiquti, Ruckus","U6-Lite, UAP, UAP-AC-Pro, UAP-LR, R700",,54,prior to 2024,,,,,,,,,,,,,,,,,,,,,,,,,,,,,,,,,
,контроллер,10.31.121.36,,,,,,,,,,,,,,,,,,,,,,,,,,,,,,,,,,,,,,,
1,01-AST-B2B-SkyBeach-5.1,172.26.242.85,,,,28:70:4e:d1:31:ae,,,,,,,,,,,,,,,,,,,,,,,,,,,,,,,,,,,
2,01-AST-B2B-SkyBeach-5.2,172.26.242.86,,,,28:70:4e:d1:2d:b2,,,,,,,,,,,,,,,,,,,,,,,,,,,,,,,,,,,
3,01-AST-B2B-SkyBeach-5.3,172.26.242.87,,,,28:70:4e:d1:5c:6a,,,,,,,,,,,,,,,,,,,,,,,,,,,,,,,,,,,
4,01-AST-B2B-SkyBeach-5.4,172.26.242.88,,,,28:70:4e:d1:54:1e,,,,,,,,,,,,,,,,,,,,,,,,,,,,,,,,,,,
5,01-AST-B2B-SkyBeach-5.5,172.26.242.89,,,,28:70:4e:d1:33:a6,,,,,,,,,,,,,,,,,,,,,,,,,,,,,,,,,,,
6,01-AST-OWF-HSH-0.1,172.26.242.43,,,,28:70:4e:d1:2a:a6,,,,,,,,,,,,,,,,,,,,,,,,,,,,,,,,,,,
7,01-AST-OWF-HSH-0.2,172.26.242.44,,,,28:70:4e:d1:4b:4e,,,,,,,,,,,,,,,,,,,,,,,,,,,,,,,,,,,
8,01-AST-OWF-HSH-0.3,172.26.242.45,,,,28:70:4e:d1:35:06,,,,,,,,,,,,,,,,,,,,,,,,,,,,,,,,,,,
9,01-AST-OWF-HSH-0.4,172.26.242.46,,,,28:70:4e:d1:25:8e,,,,,,,,,,,,,,,,,,,,,,,,,,,,,,,,,,,
10,01-AST-OWF-HSH-1.1,172.26.242.47,,,,28:70:4e:d0:bb:81,,,,,,,,,,,,,,,,,,,,,,,,,,,,,,,,,,,
11,01-AST-OWF-HSH-1.10,172.26.242.84,,,,28:70:4e:d0:9b:35,,,,,,,,,,,,,,,,,,,,,,,,,,,,,,,,,,,
12,01-AST-OWF-HSH-1.2,172.26.242.48,,,,28:70:4e:d0:9a:19,,,,,,,,,,,,,,,,,,,,,,,,,,,,,,,,,,,
13,01-AST-OWF-HSH-1.3,172.26.242.49,,,,28:70:4e:d0:bd:f1,,,,,,,,,,,,,,,,,,,,,,,,,,,,,,,,,,,
14,01-AST-OWF-HSH-1.4,172.26.242.50,,,,28:70:4e:d1:33:8a,,,,,,,,,,,,,,,,,,,,,,,,,,,,,,,,,,,
15,01-AST-OWF-HSH-1.5,172.26.242.51,,,,28:70:4e:d0:d2:19,,,,,,,,,,,,,,,,,,,,,,,,,,,,,,,,,,,
16,01-AST-OWF-HSH-1.6,172.26.242.52,,,,28:70:4e:d0:c1:39,,,,,,,,,,,,,,,,,,,,,,,,,,,,,,,,,,,
17,01-AST-OWF-HSH-1.7,172.26.242.81,,,,28:70:4e:d1:4b:b6,,,,,,,,,,,,,,,,,,,,,,,,,,,,,,,,,,,
18,01-AST-OWF-HSH-1.9,172.26.242.83,,,,28:70:4e:d0:9b:4d,,,,,,,,,,,,,,,,,,,,,,,,,,,,,,,,,,,
19,"01-AST-OWF-HSH-2,10",172.26.242.62,,,,28:70:4e:d0:9c:e1,,,,,,,,,,,,,,,,,,,,,,,,,,,,,,,,,,,
20,01-AST-OWF-HSH-2.1,172.26.242.53,,,,28:70:4e:d0:9d:7d,,,,,,,,,,,,,,,,,,,,,,,,,,,,,,,,,,,
21,01-AST-OWF-HSH-2.11,172.26.242.63,,,,28:70:4e:d1:24:0a,,,,,,,,,,,,,,,,,,,,,,,,,,,,,,,,,,,
22,01-AST-OWF-HSH-2.12,172.26.242.80,,,,28:70:4e:d1:4e:9a,,,,,,,,,,,,,,,,,,,,,,,,,,,,,,,,,,,
23,01-AST-OWF-HSH-2.2,172.26.242.54,,,,28:70:4e:d0:ca:8d,,,,,,,,,,,,,,,,,,,,,,,,,,,,,,,,,,,
24,01-AST-OWF-HSH-2.3,172.26.242.55,,,,28:70:4e:d0:bd:21,,,,,,,,,,,,,,,,,,,,,,,,,,,,,,,,,,,
25,01-AST-OWF-HSH-2.4,172.26.242.56,,,,28:70:4e:d0:a3:5d,,,,,,,,,,,,,,,,,,,,,,,,,,,,,,,,,,,
26,01-AST-OWF-HSH-2.5,172.26.242.57,,,,28:70:4e:d0:96:79,,,,,,,,,,,,,,,,,,,,,,,,,,,,,,,,,,,
27,01-AST-OWF-HSH-2.6,172.26.242.58,,,,28:70:4e:d0:98:b1,,,,,,,,,,,,,,,,,,,,,,,,,,,,,,,,,,,
28,01-AST-OWF-HSH-2.7,172.26.242.59,,,,28:70:4e:d1:4f:26,,,,,,,,,,,,,,,,,,,,,,,,,,,,,,,,,,,
29,01-AST-OWF-HSH-2.8,172.26.242.60,,,,28:70:4e:d0:9b:f5,,,,,,,,,,,,,,,,,,,,,,,,,,,,,,,,,,,
30,01-AST-OWF-HSH-2.9,172.26.242.61,,,,28:70:4e:d1:24:36,,,,,,,,,,,,,,,,,,,,,,,,,,,,,,,,,,,
31,01-AST-OWF-HSH-3.1,172.26.242.64,,,,28:70:4e:d1:61:7e,,,,,,,,,,,,,,,,,,,,,,,,,,,,,,,,,,,
32,01-AST-OWF-HSH-3.10,172.26.242.73,,,,28:70:4e:d1:61:ca,,,,,,,,,,,,,,,,,,,,,,,,,,,,,,,,,,,
33,01-AST-OWF-HSH-3.11,172.26.242.74,,,,28:70:4e:d1:2c:96,,,,,,,,,,,,,,,,,,,,,,,,,,,,,,,,,,,
34,01-AST-OWF-HSH-3.12,172.26.242.75,,,,28:70:4e:d1:61:86,,,,,,,,,,,,,,,,,,,,,,,,,,,,,,,,,,,
35,01-AST-OWF-HSH-3.2,172.26.242.65,,,,28:70:4e:d1:4e:8a,,,,,,,,,,,,,,,,,,,,,,,,,,,,,,,,,,,
36,01-AST-OWF-HSH-3.3,172.26.242.66,,,,28:70:4e:d1:41:36,,,,,,,,,,,,,,,,,,,,,,,,,,,,,,,,,,,
37,01-AST-OWF-HSH-3.4,172.26.242.67,,,,28:70:4e:ce:24:3f,,,,,,,,,,,,,,,,,,,,,,,,,,,,,,,,,,,
38,01-AST-OWF-HSH-3.5,172.26.242.68,,,,28:70:4e:d0:9d:3d,,,,,,,,,,,,,,,,,,,,,,,,,,,,,,,,,,,
39,01-AST-OWF-HSH-3.6,172.26.242.69,,,,28:70:4e:d1:34:26,,,,,,,,,,,,,,,,,,,,,,,,,,,,,,,,,,,
40,01-AST-OWF-HSH-3.7,172.26.242.70,,,,28:70:4e:d1:5b:5a,,,,,,,,,,,,,,,,,,,,,,,,,,,,,,,,,,,
41,01-AST-OWF-HSH-3.9,172.26.242.72,,,,28:70:4e:d1:4b:62,,,,,,,,,,,,,,,,,,,,,,,,,,,,,,,,,,,
42,01-AST-OWF-HSH-4.1,172.26.242.76,,,,28:70:4e:d1:57:52,,,,,,,,,,,,,,,,,,,,,,,,,,,,,,,,,,,
43,01-AST-OWF-HSH-4.2,172.26.242.77,,,,28:70:4e:d1:5c:fa,,,,,,,,,,,,,,,,,,,,,,,,,,,,,,,,,,,
44,01-AST-OWF-HSH-4.3,172.26.242.78,,,,28:70:4e:d1:5d:56,,,,,,,,,,,,,,,,,,,,,,,,,,,,,,,,,,,
45,01-AST-OWF-HSH-4.4,172.26.242.79,,,,28:70:4e:d1:2c:7a,,,,,,,,,,,,,,,,,,,,,,,,,,,,,,,,,,,
46,01-AST-B2B-HSHADM-01,172.26.242.90,,,,,,,,,,,,,,,,,,,,,,,,,,,,,,,,,,,,,,,
47,01-AST-B2B-HSHADM-02,172.26.242.91,,,,,,,,,,,,,,,,,,,,,,,,,,,,,,,,,,,,,,,
48,01-AST-B2B-HSHADM-03,172.26.242.92,,,,,,,,,,,,,,,,,,,,,,,,,,,,,,,,,,,,,,,
49,01-AST-B2B-HSHADM-04,172.26.242.93,,,,,,,,,,,,,,,,,,,,,,,,,,,,,,,,,,,,,,,
50,01-AST-B2B-HSHADM-05,172.26.242.94,,,,,,,,,,,,,,,,,,,,,,,,,,,,,,,,,,,,,,,
51,01-AST-B2B-HSHADM-06,172.26.242.95,,,,,,,,,,,,,,,,,,,,,,,,,,,,,,,,,,,,,,,
52,01-AST-B2B-HSHADM-07,172.26.242.96,,,,,,,,,,,,,,,,,,,,,,,,,,,,,,,,,,,,,,,
53,01-AST-B2B-HSHADM-08,172.26.242.97,,,,,,,,,,,,,,,,,,,,,,,,,,,,,,,,,,,,,,,
54,01-AST-B2B-HSHADM-09,172.26.242.98,,,,,,,,,,,,,,,,,,,,,,,,,,,,,,,,,,,,,,,
3,01-AST-B2B-EuroCenter,,"Улица Сыганак, 47",Ubiquti,UniFi AP-AC-Lite,,5,prior to 2024,,,,,,,,,,,,,,,,,,,,,,,,,,,,,,,,,
,Контроллер,10.31.121.37,,,,,,,,,,,,,,,,,,,,,,,,,,,,,,,,,,,,,,,
,10etazh_AC-2,172.26.236.7,,,UniFi AP-AC-Lite,80:2a:a8:19:c8:5b,,,,,,,,,,,,,,,,,,,,,,,,,,,,,,,,,,,
,10etazh_AC1,172.26.236.8,,,UniFi AP-AC-Lite,80:2a:a8:56:33:4b,,,,,,,,,,,,,,,,,,,,,,,,,,,,,,,,,,,
,1_etazh,172.26.236.9,,,UniFi AP-AC-Lite,80:2a:a8:53:d3:27,,,,,,,,,,,,,,,,,,,,,,,,,,,,,,,,,,,
,4_etazh_413,172.26.236.10,,,UniFi AP-AC-Lite,80:2a:a8:19:c8:1f,,,,,,,,,,,,,,,,,,,,,,,,,,,,,,,,,,,
,4_etazh_424kab,172.26.236.11,,,UniFi AP-AC-Lite,80:2a:a8:53:d3:25,,,,,,,,,,,,,,,,,,,,,,,,,,,,,,,,,,,
4,Ostanovki,,,Yuncore,,,23,2024,,,,,,,,,,,,,,,,,,,,,,,,,,,,,,,,,
1,01-AST-OWF-OST.Akzhol,172.26.230.5,"51.1792335510254, 71.4675521850585",,AX980-6E,,,,,,,,,,,,,,,,,,,,,,,,,,,,,,,,,,,,
2,01-AST-OWF-OST.NurSaule,172.26.244.6,"51.1271934509277, 71.25341796875",,AX980-6E,,,,,,,,,,,,,,,,,,,,,,,,,,,,,,,,,,,,
3,01-AST-OWF-OST.Karaotkel2,172.26.244.10,"51.131224, 71.26114",,AX980-6E,,,,,,,,,,,,,,,,,,,,,,,,,,,,,,,,,,,,
4,01-AST-OWF-OST.MZKAstana,172.26.244.18,"51.124115, 71.263802",,AX980-6E,,,,,,,,,,,,,,,,,,,,,,,,,,,,,,,,,,,,
5,01-AST-OWF-OST.KozhabergenZhyrau,172.26.244.22,"51.1135940551758, 71.2491989135742",,AX980-6E,,,,,,,,,,,,,,,,,,,,,,,,,,,,,,,,,,,,
6,01-AST-OWF-OST.ENU,172.26.234.2,"51.1555976867676, 71.4717864990234",,AX980-6E,,,,,,,,,,,,,,,,,,,,,,,,,,,,,,,,,,,,
7,01-AST-OWF-OST.KazNUniArts,172.26.228.2,"51.1745300292969, 71.4111022949219",,AX980-6E,,,,,,,,,,,,,,,,,,,,,,,,,,,,,,,,,,,,
8,01-AST-OWF-OST.Kenesary,172.26.228.6,"51.1618576049805, 71.4098434448242",,AX980-6E,,,,,,,,,,,,,,,,,,,,,,,,,,,,,,,,,,,,
9,01-AST-OWF-OST.Kulager,172.26.238.2,"51.1315460205078, 71.3675537109375",,AX980-6E,,,,,,,,,,,,,,,,,,,,,,,,,,,,,,,,,,,,
10,01-AST-OWF-OST.NU1,172.26.232.3,"51.0890731811523, 71.4021835327148",,AX980-6E,,,,,,,,,,,,,,,,,,,,,,,,,,,,,,,,,,,,
11,01-AST-OWF-OST.NU2,172.26.232.4,"51.089786529541, 71.4029083251953",,AX980-6E,,,,,,,,,,,,,,,,,,,,,,,,,,,,,,,,,,,,
12,01-AST-OWF-OST.HalykBank,172.26.228.3,"51.1658134460449, 71.4272308349609",,AX980-6E,,,,,,,,,,,,,,,,,,,,,,,,,,,,,,,,,,,,
13,01-AST-OWF-OST.KoktemTD,172.26.240.4 ,"51.1753082275391, 71.4082412719727",,AX980-6E,,,,,,,,,,,,,,,,,,,,,,,,,,,,,,,,,,,,
14,01-AST-OWF-OST.AkanSery,172.26.240.5,"51.1810340881348, 71.3749084472656",,AX980-6E,,,,,,,,,,,,,,,,,,,,,,,,,,,,,,,,,,,,
15,01-AST-OWF-OST.KhanShatyr1,172.26.242.11,"51.1334533691406, 71.4068603515625",,AX980-6E,,,,,,,,,,,,,,,,,,,,,,,,,,,,,,,,,,,,
16,01-AST-OWF-OST.Ailand,172.26.242.10,"51.14643, 71.415641",,AX980-6E,,,,,,,,,,,,,,,,,,,,,,,,,,,,,,,,,,,,
17,01-AST-OWF-OST.TsentrMaterinIDet,172.26.242.13,"51.1250648498535, 71.4039688110352",,AX980-6E,,,,,,,,,,,,,,,,,,,,,,,,,,,,,,,,,,,,
18,01-AST-OWF-OST.KazGYUU,172.26.240.6,"51.1480827331542, 71.383919",,AX980-6E,,,,,,,,,,,,,,,,,,,,,,,,,,,,,,,,,,,,
19,01-AST-OWF-OST.ZhasUlan,172.26.240.8,"51.1467590332031, 71.375877",,AX980-6E,,,,,,,,,,,,,,,,,,,,,,,,,,,,,,,,,,,,
20,01-AST-OWF-OST.QuantumSTEM,172.26.242.14,"51.131790, 71.390793",,AX980-6E,,,,,,,,,,,,,,,,,,,,,,,,,,,,,,,,,,,,
21,01-AST-OWF-OST.GorPoliklin10,172.26.240.7,"51.1681327819824, 71.3914413452148",,AX980-6E,,,,,,,,,,,,,,,,,,,,,,,,,,,,,,,,,,,,
5,01-AST-OWF-DDAlmaty,ip address,,,,,45,2025,,,,,,,,,,,,,,,,,,,,,,,,,,,,,,,,,
1,01-AST-OWF-DDAlmaty-1.01,172.26.230.48,,Yuncore,AX980-6E_indoor,,,,,,,,,,,,,,,,,,,,,,,,,,,,,,,,,,,,
2,01-AST-OWF-DDAlmaty-1.02,172.26.230.49,,Yuncore,AX980-6E_indoor,,,,,,,,,,,,,,,,,,,,,,,,,,,,,,,,,,,,
3,01-AST-OWF-DDAlmaty-1.03,172.26.230.50,,Yuncore,AX980-6E_indoor,,,,,,,,,,,,,,,,,,,,,,,,,,,,,,,,,,,,
4,01-AST-OWF-DDAlmaty-1.04,172.26.230.51,,Yuncore,AX980-6E_indoor,,,,,,,,,,,,,,,,,,,,,,,,,,,,,,,,,,,,
5,01-AST-OWF-DDAlmaty-1.05,172.26.230.52,,Yuncore,AX980-6E_indoor,,,,,,,,,,,,,,,,,,,,,,,,,,,,,,,,,,,,
6,01-AST-OWF-DDAlmaty-1.06,172.26.230.53,,Yuncore,AX980-6E_indoor,,,,,,,,,,,,,,,,,,,,,,,,,,,,,,,,,,,,
7,01-AST-OWF-DDAlmaty-1.07,172.26.230.54,,Yuncore,AX980-6E_indoor,,,,,,,,,,,,,,,,,,,,,,,,,,,,,,,,,,,,
8,01-AST-OWF-DDAlmaty-10.01,172.26.230.12,,Yuncore,AX980-6E_indoor,,,,,,,,,,,,,,,,,,,,,,,,,,,,,,,,,,,,
9,01-AST-OWF-DDAlmaty-10.02,172.26.230.13,,Yuncore,AX980-6E_indoor,,,,,,,,,,,,,,,,,,,,,,,,,,,,,,,,,,,,
10,01-AST-OWF-DDAlmaty-10.03,172.26.230.14,,Yuncore,AX980-6E_indoor,,,,,,,,,,,,,,,,,,,,,,,,,,,,,,,,,,,,
11,01-AST-OWF-DDAlmaty-10.04,172.26.230.15,,Yuncore,AX980-6E_indoor,,,,,,,,,,,,,,,,,,,,,,,,,,,,,,,,,,,,
12,01-AST-OWF-DDAlmaty-11.01,172.26.230.9,,Yuncore,AX980-6E_indoor,,,,,,,,,,,,,,,,,,,,,,,,,,,,,,,,,,,,
13,01-AST-OWF-DDAlmaty-11.02,172.26.230.10,,Yuncore,AX980-6E_indoor,,,,,,,,,,,,,,,,,,,,,,,,,,,,,,,,,,,,
14,01-AST-OWF-DDAlmaty-11.03,172.26.230.11,,Yuncore,AX980-6E_indoor,,,,,,,,,,,,,,,,,,,,,,,,,,,,,,,,,,,,
15,01-AST-OWF-DDAlmaty-2.01,172.26.230.44,,Yuncore,AX980-6E_indoor,,,,,,,,,,,,,,,,,,,,,,,,,,,,,,,,,,,,
16,01-AST-OWF-DDAlmaty-2.02,172.26.230.45,,Yuncore,AX980-6E_indoor,,,,,,,,,,,,,,,,,,,,,,,,,,,,,,,,,,,,
17,01-AST-OWF-DDAlmaty-2.03,172.26.230.46,,Yuncore,AX980-6E_indoor,,,,,,,,,,,,,,,,,,,,,,,,,,,,,,,,,,,,
18,01-AST-OWF-DDAlmaty-2.04,172.26.230.47,,Yuncore,AX980-6E_indoor,,,,,,,,,,,,,,,,,,,,,,,,,,,,,,,,,,,,
19,01-AST-OWF-DDAlmaty-3.01,172.26.230.40,,Yuncore,AX980-6E_indoor,,,,,,,,,,,,,,,,,,,,,,,,,,,,,,,,,,,,
20,01-AST-OWF-DDAlmaty-3.02,172.26.230.41,,Yuncore,AX980-6E_indoor,,,,,,,,,,,,,,,,,,,,,,,,,,,,,,,,,,,,
21,01-AST-OWF-DDAlmaty-3.03,172.26.230.42,,Yuncore,AX980-6E_indoor,,,,,,,,,,,,,,,,,,,,,,,,,,,,,,,,,,,,
22,01-AST-OWF-DDAlmaty-3.04,172.26.230.43,,Yuncore,AX980-6E_indoor,,,,,,,,,,,,,,,,,,,,,,,,,,,,,,,,,,,,
23,01-AST-OWF-DDAlmaty-4.01,172.26.230.36,,Yuncore,AX980-6E_indoor,,,,,,,,,,,,,,,,,,,,,,,,,,,,,,,,,,,,
24,01-AST-OWF-DDAlmaty-4.02,172.26.230.37,,Yuncore,AX980-6E_indoor,,,,,,,,,,,,,,,,,,,,,,,,,,,,,,,,,,,,
25,01-AST-OWF-DDAlmaty-4.03,172.26.230.38,,Yuncore,AX980-6E_indoor,,,,,,,,,,,,,,,,,,,,,,,,,,,,,,,,,,,,
26,01-AST-OWF-DDAlmaty-4.04,172.26.230.39,,Yuncore,AX980-6E_indoor,,,,,,,,,,,,,,,,,,,,,,,,,,,,,,,,,,,,
27,01-AST-OWF-DDAlmaty-5.01,172.26.230.32,,Yuncore,AX980-6E_indoor,,,,,,,,,,,,,,,,,,,,,,,,,,,,,,,,,,,,
28,01-AST-OWF-DDAlmaty-5.02,172.26.230.33,,Yuncore,AX980-6E_indoor,,,,,,,,,,,,,,,,,,,,,,,,,,,,,,,,,,,,
29,01-AST-OWF-DDAlmaty-5.03,172.26.230.34,,Yuncore,AX980-6E_indoor,,,,,,,,,,,,,,,,,,,,,,,,,,,,,,,,,,,,
30,01-AST-OWF-DDAlmaty-5.04,172.26.230.35,,Yuncore,AX980-6E_indoor,,,,,,,,,,,,,,,,,,,,,,,,,,,,,,,,,,,,
31,01-AST-OWF-DDAlmaty-6.01,172.26.230.28,не установлен,,,,,,,,,,,,,,,,,,,,,,,,,,,,,,,,,,,,,,
32,01-AST-OWF-DDAlmaty-6.02,172.26.230.29,,Yuncore,AX980-6E_indoor,,,,,,,,,,,,,,,,,,,,,,,,,,,,,,,,,,,,
33,01-AST-OWF-DDAlmaty-6.03,172.26.230.30,,Yuncore,AX980-6E_indoor,,,,,,,,,,,,,,,,,,,,,,,,,,,,,,,,,,,,
34,01-AST-OWF-DDAlmaty-6.04,172.26.230.31,,Yuncore,AX980-6E_indoor,,,,,,,,,,,,,,,,,,,,,,,,,,,,,,,,,,,,
35,01-AST-OWF-DDAlmaty-7.01,172.26.230.24,,Yuncore,AX980-6E_indoor,,,,,,,,,,,,,,,,,,,,,,,,,,,,,,,,,,,,
36,01-AST-OWF-DDAlmaty-7.02,172.26.230.25,,Yuncore,AX980-6E_indoor,,,,,,,,,,,,,,,,,,,,,,,,,,,,,,,,,,,,
37,01-AST-OWF-DDAlmaty-7.03,172.26.230.26,,Yuncore,AX980-6E_indoor,,,,,,,,,,,,,,,,,,,,,,,,,,,,,,,,,,,,
38,01-AST-OWF-DDAlmaty-7.04,172.26.230.27,,Yuncore,AX980-6E_indoor,,,,,,,,,,,,,,,,,,,,,,,,,,,,,,,,,,,,
39,01-AST-OWF-DDAlmaty-8.01,172.26.230.20,,Yuncore,AX980-6E_indoor,,,,,,,,,,,,,,,,,,,,,,,,,,,,,,,,,,,,
40,01-AST-OWF-DDAlmaty-8.02,172.26.230.21,,Yuncore,AX980-6E_indoor,,,,,,,,,,,,,,,,,,,,,,,,,,,,,,,,,,,,
41,01-AST-OWF-DDAlmaty-8.03,172.26.230.22,,Yuncore,AX980-6E_indoor,,,,,,,,,,,,,,,,,,,,,,,,,,,,,,,,,,,,
42,01-AST-OWF-DDAlmaty-8.04,172.26.230.23,,Yuncore,AX980-6E_indoor,,,,,,,,,,,,,,,,,,,,,,,,,,,,,,,,,,,,
43,01-AST-OWF-DDAlmaty-9.01,172.26.230.16,,Yuncore,AX980-6E_indoor,,,,,,,,,,,,,,,,,,,,,,,,,,,,,,,,,,,,
44,01-AST-OWF-DDAlmaty-9.02,172.26.230.17,,Yuncore,AX980-6E_indoor,,,,,,,,,,,,,,,,,,,,,,,,,,,,,,,,,,,,
45,01-AST-OWF-DDAlmaty-9.03,172.26.230.18,,Yuncore,AX980-6E_indoor,,,,,,,,,,,,,,,,,,,,,,,,,,,,,,,,,,,,
46,01-AST-OWF-DDAlmaty-9.04,172.26.230.19,,Yuncore,AX980-6E_indoor,,,,,,,,,,,,,,,,,,,,,,,,,,,,,,,,,,,,
,01-AST-OWF-AstanaArena,,,,,,,,,,,,,,,,,,,,,,,,,,,,,,,,,,,,,,,,
,Ruijie contrroller,10.41.64.2,,Ruijie,,,,,,,,,,,,,,,,,,,,,,,,,,,,,,,,,,,,,
,01-AST-OWF-AstanaArena-1,10.41.64.3,,Ruijie,,1082.3dc5.c4e1,,,,,,,,,,,,,,,,,,,,,,,,,,,,,,,,,,,
,01-AST-OWF-AstanaArena-2,10.41.64.4,,Ruijie,,1082.3dc5.cacf,,,,,,,,,,,,,,,,,,,,,,,,,,,,,,,,,,,
,01-AST-OWF-AstanaArena-3,10.41.64.5,,Ruijie,,1082.3dc5.ccf7,,,,,,,,,,,,,,,,,,,,,,,,,,,,,,,,,,,
,01-AST-OWF-AstanaArena-4,10.41.64.6,,Ruijie,,1082.3dc5.cdcf,,,,,,,,,,,,,,,,,,,,,,,,,,,,,,,,,,,
,01-AST-OWF-AstanaArena-5,10.41.64.7,,Ruijie,,1082.3dc5.c53b,,,,,,,,,,,,,,,,,,,,,,,,,,,,,,,,,,,
,01-AST-OWF-AstanaArena-6,10.41.64.8,,Ruijie,,1082.3dc5.cd8d,,,,,,,,,,,,,,,,,,,,,,,,,,,,,,,,,,,
,01-AST-OWF-AstanaArena-7,10.41.64.9,,Ruijie,,1082.3dc5.cd6f,,,,,,,,,,,,,,,,,,,,,,,,,,,,,,,,,,,
,01-AST-OWF-AstanaArena-8,10.41.64.10,,Ruijie,,1082.3dc5.c511,,,,,,,,,,,,,,,,,,,,,,,,,,,,,,,,,,,
,01-AST-OWF-AstanaArena-9,10.41.64.11,,Ruijie,,1082.3dc5.cd93,,,,,,,,,,,,,,,,,,,,,,,,,,,,,,,,,,,
,01-AST-OWF-AstanaArena-10,10.41.64.12,,Ruijie,,1082.3dc5.ccc7,,,,,,,,,,,,,,,,,,,,,,,,,,,,,,,,,,,
,01-AST-OWF-AstanaArena-11,10.41.64.13,,Ruijie,,1082.3dc5.bd0d,,,,,,,,,,,,,,,,,,,,,,,,,,,,,,,,,,,
,01-AST-OWF-AstanaArena-12,10.41.64.14,,Ruijie,,1082.3dc5.c38b,,,,,,,,,,,,,,,,,,,,,,,,,,,,,,,,,,,
,01-AST-OWF-AstanaArena-13,10.41.64.15,,Ruijie,,1082.3dc5.cdd5,,,,,,,,,,,,,,,,,,,,,,,,,,,,,,,,,,,
,01-AST-OWF-AstanaArena-14,10.41.64.16,,Ruijie,,1082.3dc5.c41b,,,,,,,,,,,,,,,,,,,,,,,,,,,,,,,,,,,
,01-AST-OWF-AstanaArena-15,10.41.64.17,,Ruijie,,1082.3dc5.c59b,,,,,,,,,,,,,,,,,,,,,,,,,,,,,,,,,,,
,01-AST-OWF-AstanaArena-16,10.41.64.18,,Ruijie,,1082.3dc5.cdb7,,,,,,,,,,,,,,,,,,,,,,,,,,,,,,,,,,,
,01-AST-OWF-AstanaArena-17,10.41.64.19,,Ruijie,,1082.3dc5.cc01,,,,,,,,,,,,,,,,,,,,,,,,,,,,,,,,,,,
,01-AST-OWF-AstanaArena-18,10.41.64.20,,Ruijie,,1082.3dc5.cda5,,,,,,,,,,,,,,,,,,,,,,,,,,,,,,,,,,,
,01-AST-OWF-AstanaArena-19,10.41.64.21,,Ruijie,,1082.3dc5.ccbb,,,,,,,,,,,,,,,,,,,,,,,,,,,,,,,,,,,
,01-AST-OWF-AstanaArena-20,10.41.64.22,,Ruijie,,1082.3dc5.cbb3,,,,,,,,,,,,,,,,,,,,,,,,,,,,,,,,,,,
,01-AST-OWF-AstanaArena-21,10.41.64.23,,Ruijie,,1082.3dc5.cd1b,,,,,,,,,,,,,,,,,,,,,,,,,,,,,,,,,,,
,01-AST-OWF-AstanaArena-22,10.41.64.24,,Ruijie,,1082.3dba.3e36,,,,,,,,,,,,,,,,,,,,,,,,,,,,,,,,,,,
,01-AST-OWF-AstanaArena-23,10.41.64.25,,Ruijie,,1082.3dba.3d34,,,,,,,,,,,,,,,,,,,,,,,,,,,,,,,,,,,
,01-AST-OWF-AstanaArena-24,10.41.64.26,,Ruijie,,1082.3dc5.c445,,,,,,,,,,,,,,,,,,,,,,,,,,,,,,,,,,,
,01-AST-OWF-AstanaArena-25,10.41.64.27,,Ruijie,,1082.3dba.3d46,,,,,,,,,,,,,,,,,,,,,,,,,,,,,,,,,,,
,01-AST-OWF-AstanaArena-26,10.41.64.28,,Ruijie,,1082.3dc5.c889,,,,,,,,,,,,,,,,,,,,,,,,,,,,,,,,,,,
,01-AST-OWF-AstanaArena-27,10.41.64.29,,Ruijie,,1082.3dc5.cd99,,,,,,,,,,,,,,,,,,,,,,,,,,,,,,,,,,,
,01-AST-OWF-AstanaArena-28,10.41.64.30,,Ruijie,,1082.3dc5.c493,,,,,,,,,,,,,,,,,,,,,,,,,,,,,,,,,,,
,01-AST-OWF-AstanaArena-29,10.41.64.31,,Ruijie,,1082.3dc5.cd45,,,,,,,,,,,,,,,,,,,,,,,,,,,,,,,,,,,
,01-AST-OWF-AstanaArena-30,10.41.64.32,,Ruijie,,1082.3dc5.cdff,,,,,,,,,,,,,,,,,,,,,,,,,,,,,,,,,,,
,01-AST-OWF-AstanaArena-31,10.41.64.33,,Ruijie,,1082.3dc5.ce0b,,,,,,,,,,,,,,,,,,,,,,,,,,,,,,,,,,,
,01-AST-OWF-AstanaArena-32,10.41.64.34,,Ruijie,,1082.3dc5.cc4f,,,,,,,,,,,,,,,,,,,,,,,,,,,,,,,,,,,
,01-AST-OWF-AstanaArena-33,10.41.64.35,,Ruijie,,1082.3dc5.cc8b,,,,,,,,,,,,,,,,,,,,,,,,,,,,,,,,,,,
,01-AST-OWF-AstanaArena-34,10.41.64.36,,Ruijie,,1082.3dc5.cd5d,,,,,,,,,,,,,,,,,,,,,,,,,,,,,,,,,,,
,01-AST-OWF-AstanaArena-35,10.41.64.37,,Ruijie,,1082.3dba.3d76,,,,,,,,,,,,,,,,,,,,,,,,,,,,,,,,,,,
,01-AST-OWF-AstanaArena-36,10.41.64.38,,Ruijie,,1082.3dc5.c517,,,,,,,,,,,,,,,,,,,,,,,,,,,,,,,,,,,
,01-AST-OWF-AstanaArena-37,10.41.64.39,,Ruijie,,1082.3dc5.ca3f,,,,,,,,,,,,,,,,,,,,,,,,,,,,,,,,,,,
,01-AST-OWF-AstanaArena-38,10.41.64.40,,Ruijie,,1082.3dc5.cc79,,,,,,,,,,,,,,,,,,,,,,,,,,,,,,,,,,,
,01-AST-OWF-AstanaArena-39,10.41.64.41,,Ruijie,,1082.3dc5.cdc3,,,,,,,,,,,,,,,,,,,,,,,,,,,,,,,,,,,
,01-AST-OWF-AstanaArena-40,10.41.64.42,,Ruijie,,1082.3dc5.caf9,,,,,,,,,,,,,,,,,,,,,,,,,,,,,,,,,,,
,01-AST-OWF-AstanaArena-41,10.41.64.43,,Ruijie,,1082.3dc5.cd87,,,,,,,,,,,,,,,,,,,,,,,,,,,,,,,,,,,
,01-AST-OWF-AstanaArena-42,10.41.64.44,,Ruijie,,1082.3dc5.cce5,,,,,,,,,,,,,,,,,,,,,,,,,,,,,,,,,,,
,01-AST-OWF-AstanaArena-43,10.41.64.45,,Ruijie,,1082.3dc5.c4b7,,,,,,,,,,,,,,,,,,,,,,,,,,,,,,,,,,,
,01-AST-OWF-AstanaArena-44,10.41.64.46,,Ruijie,,1082.3dc5.c4e7,,,,,,,,,,,,,,,,,,,,,,,,,,,,,,,,,,,
,01-AST-OWF-AstanaArena-45,10.41.64.47,,Ruijie,,1082.3dc5.c505,,,,,,,,,,,,,,,,,,,,,,,,,,,,,,,,,,,
,01-AST-OWF-AstanaArena-46,10.41.64.48,,Ruijie,,1082.3dc5.cddb,,,,,,,,,,,,,,,,,,,,,,,,,,,,,,,,,,,
,01-AST-OWF-AstanaArena-52,10.41.64.54,,Ruijie,,,,,,,,,,,,,,,,,,,,,,,,,,,,,,,,,,,,,
,01-AST-OWF-AstanaArena-53,10.41.64.55,,Ruijie,,,,,,,,,,,,,,,,,,,,,,,,,,,,,,,,,,,,,
,01-AST-OWF-BarysArena,,,,,,,,,,,,,,,,,,,,,,,,,,,,,,,,,,,,,,,,
,Ruijie controller,10.41.64.2,,Ruijie,,,,,,,,,,,,,,,,,,,,,,,,,,,,,,,,,,,,,
,01-AST-OWF-BarysArena-1,10.41.64.130,,Ruijie,,1082.3dc5.be0f,,,,,,,,,,,,,,,,,,,,,,,,,,,,,,,,,,,
,01-AST-OWF-BarysArena-2,10.41.64.131,,Ruijie,,1082.3dc5.c883,,,,,,,,,,,,,,,,,,,,,,,,,,,,,,,,,,,
,01-AST-OWF-BarysArena-3,10.41.64.132,,Ruijie,,1082.3dc5.cdab,,,,,,,,,,,,,,,,,,,,,,,,,,,,,,,,,,,
,01-AST-OWF-BarysArena-4,10.41.64.133,,Ruijie,,1082.3dc5.c23b,,,,,,,,,,,,,,,,,,,,,,,,,,,,,,,,,,,
,01-AST-OWF-BarysArena-5,10.41.64.134,,Ruijie,,1082.3dc5.cd09,,,,,,,,,,,,,,,,,,,,,,,,,,,,,,,,,,,
,01-AST-OWF-BarysArena-6,10.41.64.135,,Ruijie,,1082.3dc5.cc73,,,,,,,,,,,,,,,,,,,,,,,,,,,,,,,,,,,
,01-AST-OWF-BarysArena-7,10.41.64.136,,Ruijie,,1082.3dc5.cd4b,,,,,,,,,,,,,,,,,,,,,,,,,,,,,,,,,,,
,01-AST-OWF-BarysArena-8,10.41.64.137,,Ruijie,,1082.3dc5.ccc1,,,,,,,,,,,,,,,,,,,,,,,,,,,,,,,,,,,
,01-AST-OWF-BarysArena-9,10.41.64.138,,Ruijie,,1082.3dc5.cc91,,,,,,,,,,,,,,,,,,,,,,,,,,,,,,,,,,,
,01-AST-OWF-BarysArena-10,10.41.64.139,,Ruijie,,1082.3dba.3d3a,,,,,,,,,,,,,,,,,,,,,,,,,,,,,,,,,,,
,01-AST-OWF-BarysArena-11,10.41.64.140,,Ruijie,,1082.3dc5.cdf9,,,,,,,,,,,,,,,,,,,,,,,,,,,,,,,,,,,
,01-AST-OWF-BarysArena-12,10.41.64.141,,Ruijie,,1082.3dc5.c139,,,,,,,,,,,,,,,,,,,,,,,,,,,,,,,,,,,
,01-AST-OWF-BarysArena-13,10.41.64.142,,Ruijie,,1082.3dc5.c6df,,,,,,,,,,,,,,,,,,,,,,,,,,,,,,,,,,,
,01-AST-OWF-BarysArena-14,10.41.64.143,,Ruijie,,1082.3dba.3848,,,,,,,,,,,,,,,,,,,,,,,,,,,,,,,,,,,
,01-AST-OWF-BarysArena-15,10.41.64.144,,Ruijie,,1082.3dc5.cd39,,,,,,,,,,,,,,,,,,,,,,,,,,,,,,,,,,,
,01-AST-OWF-BarysArena-16,10.41.64.145,,Ruijie,,1082.3dc5.cca3,,,,,,,,,,,,,,,,,,,,,,,,,,,,,,,,,,,
,01-AST-OWF-BarysArena-17,10.41.64.146,,Ruijie,,1082.3dc5.cccd,,,,,,,,,,,,,,,,,,,,,,,,,,,,,,,,,,,
,01-AST-OWF-BarysArena-18,10.41.64.147,,Ruijie,,1082.3dc5.cd81,,,,,,,,,,,,,,,,,,,,,,,,,,,,,,,,,,,
,01-AST-OWF-BarysArena-19,10.41.64.148,,Ruijie,,1082.3dba.36e6,,,,,,,,,,,,,,,,,,,,,,,,,,,,,,,,,,,
,01-AST-OWF-BarysArena-20,10.41.64.149,,Ruijie,,1082.3dc5.cd33,,,,,,,,,,,,,,,,,,,,,,,,,,,,,,,,,,,
,01-AST-OWF-BarysArena-21,10.41.64.150,,Ruijie,,1082.3dc5.c7cf,,,,,,,,,,,,,,,,,,,,,,,,,,,,,,,,,,,
,01-AST-OWF-BarysArena-22,10.41.64.151,,Ruijie,,f074.8d0b.20f9,,,,,,,,,,,,,,,,,,,,,,,,,,,,,,,,,,,
,01-AST-OWF-BarysArena-23,10.41.64.152,,Ruijie,,4881.d408.6e23,,,,,,,,,,,,,,,,,,,,,,,,,,,,,,,,,,,
,01-AST-OWF-BarysArena-24,10.41.64.153,,Ruijie,,4881.d408.6ad5,,,,,,,,,,,,,,,,,,,,,,,,,,,,,,,,,,,
,01-AST-OWF-BeelineArena,,,,,,,,,,,,,,,,,,,,,,,,,,,,,,,,,,,,,,,,
,01-AST-OWF-BeelineArena-001,172.26.228.16,,Unifi,U7-Pro,94:2a:6f:b2:67:08,,,,,,,,,,,,,,,,,,,,,,,,,,,,,,,,,,,
,01-AST-OWF-BeelineArena-002,172.26.228.17,,Unifi,U7-Pro,94:2a:6f:b2:72:20,,,,,,,,,,,,,,,,,,,,,,,,,,,,,,,,,,,
,01-AST-OWF-BeelineArena-003,172.26.228.18,,Unifi,U7-Pro,94:2a:6f:b2:63:78,,,,,,,,,,,,,,,,,,,,,,,,,,,,,,,,,,,
,01-AST-OWF-BeelineArena-004,172.26.228.19,,Unifi,U7-Pro,94:2a:6f:b2:57:44,,,,,,,,,,,,,,,,,,,,,,,,,,,,,,,,,,,
,01-AST-OWF-BeelineArena-005,172.26.228.20,,Unifi,U7-Pro,94:2a:6f:b2:58:80,,,,,,,,,,,,,,,,,,,,,,,,,,,,,,,,,,,
,01-AST-OWF-BeelineArena-006,172.26.228.21,,Unifi,U7-Pro,94:2a:6f:b2:74:7c,,,,,,,,,,,,,,,,,,,,,,,,,,,,,,,,,,,
,01-AST-OWF-BeelineArena-007,172.26.228.22,,Unifi,U7-Pro,94:2a:6f:b2:66:80,,,,,,,,,,,,,,,,,,,,,,,,,,,,,,,,,,,
,01-AST-OWF-BeelineArena-008,172.26.228.23,,Unifi,U7-Pro,94:2a:6f:b2:5c:24,,,,,,,,,,,,,,,,,,,,,,,,,,,,,,,,,,,
,01-AST-OWF-BeelineArena-009,172.26.228.24,,Unifi,U7-Pro,94:2a:6f:b2:66:30,,,,,,,,,,,,,,,,,,,,,,,,,,,,,,,,,,,
,01-AST-OWF-BeelineArena-010,172.26.228.25,,Unifi,U7-Pro,94:2a:6f:b2:69:00,,,,,,,,,,,,,,,,,,,,,,,,,,,,,,,,,,,
,01-AST-OWF-BeelineArena-011,172.26.228.26,,Unifi,U7-Pro,94:2a:6f:b2:72:98,,,,,,,,,,,,,,,,,,,,,,,,,,,,,,,,,,,
,01-AST-OWF-BeelineArena-012,172.26.228.27,,Unifi,U7-Pro,94:2a:6f:b2:79:0c,,,,,,,,,,,,,,,,,,,,,,,,,,,,,,,,,,,
,01-AST-OWF-BeelineArena-013,172.26.228.28,,Unifi,U7-Pro,94:2a:6f:b2:63:d0,,,,,,,,,,,,,,,,,,,,,,,,,,,,,,,,,,,
,01-AST-OWF-BeelineArena-014,172.26.228.29,,Unifi,U7-Pro,94:2a:6f:b2:65:50,,,,,,,,,,,,,,,,,,,,,,,,,,,,,,,,,,,
,01-AST-OWF-BeelineArena-015,172.26.228.30,,Unifi,U7-Pro,94:2a:6f:b2:44:00,,,,,,,,,,,,,,,,,,,,,,,,,,,,,,,,,,,
,01-AST-OWF-BeelineArena-016,172.26.228.31,,Unifi,U7-Pro,94:2a:6f:b2:6d:fc,,,,,,,,,,,,,,,,,,,,,,,,,,,,,,,,,,,
,01-AST-OWF-BeelineArena-017,172.26.228.32,,Unifi,U7-Pro,94:2a:6f:b2:40:98,,,,,,,,,,,,,,,,,,,,,,,,,,,,,,,,,,,
,01-AST-OWF-BeelineArena-018,172.26.228.33,,Unifi,U7-Pro,94:2a:6f:b2:38:7c,,,,,,,,,,,,,,,,,,,,,,,,,,,,,,,,,,,
,01-AST-OWF-BeelineArena-019,172.26.228.34,,Unifi,U7-Pro,94:2a:6f:b2:47:08,,,,,,,,,,,,,,,,,,,,,,,,,,,,,,,,,,,
,01-AST-OWF-BeelineArena-020,172.26.228.35,,Unifi,U7-Pro,94:2a:6f:b2:79:7c,,,,,,,,,,,,,,,,,,,,,,,,,,,,,,,,,,,
,01-AST-OWF-BeelineArena-021,172.26.228.36,,Unifi,U7-Pro,94:2a:6f:b2:72:a0,,,,,,,,,,,,,,,,,,,,,,,,,,,,,,,,,,,
,01-AST-OWF-BeelineArena-022,172.26.228.37,,Unifi,U7-Pro,94:2a:6f:b2:6c:cc,,,,,,,,,,,,,,,,,,,,,,,,,,,,,,,,,,,
,01-AST-OWF-BeelineArena-023,172.26.228.38,,Unifi,U7-Pro,94:2a:6f:b2:79:2c,,,,,,,,,,,,,,,,,,,,,,,,,,,,,,,,,,,
,01-AST-OWF-BeelineArena-024,172.26.228.39,,Unifi,U7-Pro,94:2a:6f:b2:66:f4,,,,,,,,,,,,,,,,,,,,,,,,,,,,,,,,,,,
,01-AST-OWF-BeelineArena-025,172.26.228.40,,Unifi,U7-Pro,94:2a:6f:b2:6f:4c,,,,,,,,,,,,,,,,,,,,,,,,,,,,,,,,,,,
,01-AST-OWF-BeelineArena-026,172.26.228.41,,Unifi,U7-Pro,94:2a:6f:b2:3a:84,,,,,,,,,,,,,,,,,,,,,,,,,,,,,,,,,,,
,01-AST-OWF-BeelineArena-027,172.26.228.42,,Unifi,U7-Pro,94:2a:6f:b2:7b:2c,,,,,,,,,,,,,,,,,,,,,,,,,,,,,,,,,,,
,01-AST-OWF-BeelineArena-028,172.26.228.43,,Unifi,U7-Pro,94:2a:6f:44:cd:bc,,,,,,,,,,,,,,,,,,,,,,,,,,,,,,,,,,,
,01-AST-OWF-BeelineArena-029,172.26.228.44,,Unifi,U7-Pro,1c:0b:8b:00:43:71,,,,,,,,,,,,,,,,,,,,,,,,,,,,,,,,,,,
,01-AST-OWF-BeelineArena-030,172.26.228.45,,Unifi,U7-Pro,1c:0b:8b:00:41:69,,,,,,,,,,,,,,,,,,,,,,,,,,,,,,,,,,,
,01-AST-OWF-BeelineArena-031,172.26.228.46,,Unifi,U7-Pro,1c:0b:8b:00:41:e5,,,,,,,,,,,,,,,,,,,,,,,,,,,,,,,,,,,
,01-AST-OWF-BeelineArena-032,172.26.228.47,,Unifi,U7-Pro,1c:0b:8b:00:40:f5,,,,,,,,,,,,,,,,,,,,,,,,,,,,,,,,,,,
,01-AST-OWF-MVC(Digital2025),,,,,,,,,,,,,,,,,,,,,,,,,,,,,,,,,,,,,,,,
1,"	
01-AST-OWF-MVC-1.33",10.41.66.13,,Unifi,E7,1c:0b:8b:00:3f:61,,,,,,,,,,,,,,,,,,,,,,,,,,,,,,,,,,,
2,01-AST-OWF-MVC-1.25,"	
10.41.66.18",,Unifi,E7,1c:0b:8b:00:46:6d,,,,,,,,,,,,,,,,,,,,,,,,,,,,,,,,,,,
3,01-AST-OWF-MVC-1.19,"	
10.41.66.52",,Unifi,E7,94:2a:6f:44:7e:d4,,,,,,,,,,,,,,,,,,,,,,,,,,,,,,,,,,,
4,01-AST-OWF-MVC-1.30,10.41.66.3,,Unifi,E7,1c:0b:8b:00:a1:51,,,,,,,,,,,,,,,,,,,,,,,,,,,,,,,,,,,
5,"	
01-AST-OWF-MVC-1.22","	
10.41.66.33",,Unifi,E7,94:2a:6f:44:ba:b0,,,,,,,,,,,,,,,,,,,,,,,,,,,,,,,,,,,
6,01-AST-OWF-MVC-1.29,"	
10.41.66.126",,Unifi,E7,1c:0b:8b:00:a1:0d,,,,,,,,,,,,,,,,,,,,,,,,,,,,,,,,,,,
7,01-AST-OWF-MVC-1.32,"	
10.41.66.63",,Unifi,E7,1c:0b:8b:00:9f:f1,,,,,,,,,,,,,,,,,,,,,,,,,,,,,,,,,,,
8,01-AST-OWF-MVC-1.20,10.41.66.47,,Unifi,E7,1c:0b:8b:00:a0:9d,,,,,,,,,,,,,,,,,,,,,,,,,,,,,,,,,,,
9,01-AST-OWF-MVC-1.23,"	
10.41.66.62",,Unifi,E7,94:2a:6f:44:bb:8c,,,,,,,,,,,,,,,,,,,,,,,,,,,,,,,,,,,
10,01-AST-OWF-MVC-1.11,"
10.41.66.66",,Unifi,E7,94:2a:6f:44:d0:08,,,,,,,,,,,,,,,,,,,,,,,,,,,,,,,,,,,
11,"	
01-AST-OWF-MVC-1.06",10.41.66.102,,Unifi,E7,94:2a:6f:44:bf:14,,,,,,,,,,,,,,,,,,,,,,,,,,,,,,,,,,,
12,"	
01-AST-OWF-MVC-1.07",10.41.66.35,,Unifi,E7,94:2a:6f:44:cc:28,,,,,,,,,,,,,,,,,,,,,,,,,,,,,,,,,,,
13,"	
01-AST-OWF-MVC-1.05","	
10.41.66.112",,Unifi,E7,94:2a:6f:44:ba:e0,,,,,,,,,,,,,,,,,,,,,,,,,,,,,,,,,,,
14,"	
01-AST-OWF-MVC-1.01",10.41.66.55,,Unifi,E7,1c:0b:8b:00:4a:e1,,,,,,,,,,,,,,,,,,,,,,,,,,,,,,,,,,,
15,01-AST-OWF-MVC-1.13,10.41.66.16,,Unifi,E7,94:2a:6f:44:d8:44,,,,,,,,,,,,,,,,,,,,,,,,,,,,,,,,,,,
16,01-AST-OWF-MVC-1.02,"	
10.41.66.61",,Unifi,E7,1c:0b:8b:00:3a:35,,,,,,,,,,,,,,,,,,,,,,,,,,,,,,,,,,,
17,01-AST-OWF-MVC-1.10,10.41.66.92,,Unifi,E7,94:2a:6f:44:cf:98,,,,,,,,,,,,,,,,,,,,,,,,,,,,,,,,,,,
18,"	
01-AST-OWF-MVC-1.18","	
10.41.66.60",,Unifi,E7,94:2a:6f:44:c2:8c,,,,,,,,,,,,,,,,,,,,,,,,,,,,,,,,,,,
19,01-AST-OWF-MVC-1.12,"	
10.41.66.67",,Unifi,E7,94:2a:6f:44:8b:94,,,,,,,,,,,,,,,,,,,,,,,,,,,,,,,,,,,
20,01-AST-OWF-MVC-1.24,10.41.66.12,,Unifi,E7,94:2a:6f:44:be:10,,,,,,,,,,,,,,,,,,,,,,,,,,,,,,,,,,,
21,"	
01-AST-OWF-MVC-1.21",10.41.66.29,,Unifi,E7,94:2a:6f:44:c6:40,,,,,,,,,,,,,,,,,,,,,,,,,,,,,,,,,,,
22,01-AST-OWF-MVC-1.09,"	
10.41.66.57",,Unifi,E7,94:2a:6f:44:cf:a0,,,,,,,,,,,,,,,,,,,,,,,,,,,,,,,,,,,
23,"	
01-AST-OWF-MVC-1.03",10.41.66.100,,Unifi,E7,94:2a:6f:44:bb:24,,,,,,,,,,,,,,,,,,,,,,,,,,,,,,,,,,,
24,01-AST-OWF-MVC-1.16,10.41.66.50,,Unifi,E7,1c:0b:8b:00:42:e1,,,,,,,,,,,,,,,,,,,,,,,,,,,,,,,,,,,
25,01-AST-OWF-MVC-1.17,10.41.66.116,,Unifi,E7,1c:0b:8b:00:33:3d,,,,,,,,,,,,,,,,,,,,,,,,,,,,,,,,,,,
26,01-AST-OWF-MVC-1.15,"	
10.41.66.44",,Unifi,E7,94:2a:6f:44:c4:68,,,,,,,,,,,,,,,,,,,,,,,,,,,,,,,,,,,
27,"	
01-AST-OWF-MVC-1.08",10.41.66.88,,Unifi,E7,94:2a:6f:44:bc:58,,,,,,,,,,,,,,,,,,,,,,,,,,,,,,,,,,,
28,01-AST-OWF-MVC-1.14,"	
10.41.66.53",,Unifi,E7,94:2a:6f:44:c2:04,,,,,,,,,,,,,,,,,,,,,,,,,,,,,,,,,,,
29,01-AST-OWF-MVC-1.04,10.41.66.98,,Unifi,E7,94:2a:6f:44:d0:78,,,,,,,,,,,,,,,,,,,,,,,,,,,,,,,,,,,
30,01-AST-OWF-MVC-1.31,10.41.66.9,,Unifi,E7,1c:0b:8b:00:3c:a9,,,,,,,,,,,,,,,,,,,,,,,,,,,,,,,,,,,
31,01-AST-OWF-MVC-2.08,"	
10.41.66.14",,Unifi,U7-Pro,94:2a:6f:ba:22:88,,,,,,,,,,,,,,,,,,,,,,,,,,,,,,,,,,,
32,"	
01-AST-OWF-MVC-2.05","	
10.41.66.10",,Unifi,U7-Pro,94:2a:6f:ba:78:54,,,,,,,,,,,,,,,,,,,,,,,,,,,,,,,,,,,
33,01-AST-OWF-MVC-2.11,"	
10.41.66.21",,Unifi,U7-Pro,94:2a:6f:ba:1c:90,,,,,,,,,,,,,,,,,,,,,,,,,,,,,,,,,,,
34,"	
01-AST-OWF-MVC-2.13","	
10.41.66.11",,Unifi,U7-Pro,94:2a:6f:a8:66:ad,,,,,,,,,,,,,,,,,,,,,,,,,,,,,,,,,,,
35,01-AST-OWF-MVC-1layer,10.41.66.15,,Unifi,U7-Pro,94:2a:6f:ba:3f:7c,,,,,,,,,,,,,,,,,,,,,,,,,,,,,,,,,,,
36,01-AST-OWF-MVC-2.09,"	
10.41.66.2",,Unifi,U7-Pro,94:2a:6f:ba:3f:28,,,,,,,,,,,,,,,,,,,,,,,,,,,,,,,,,,,
37,01-AST-OWF-MVC-2.02,"	
10.41.66.7",,Unifi,U7-Pro,94:2a:6f:ba:23:e0,,,,,,,,,,,,,,,,,,,,,,,,,,,,,,,,,,,
38,01-AST-OWF-MVC-3.01,10.41.66.20,,Unifi,U7-Pro,94:2a:6f:a8:50:fd,,,,,,,,,,,,,,,,,,,,,,,,,,,,,,,,,,,
39,"	
01-AST-OWF-MVC-2.12",10.41.66.19,,Unifi,U7-Pro,94:2a:6f:a8:40:e9,,,,,,,,,,,,,,,,,,,,,,,,,,,,,,,,,,,
40,01-AST-OWF-MVC-2.06,"	
10.41.66.22",,Unifi,U7-Pro,94:2a:6f:ba:4a:6c,,,,,,,,,,,,,,,,,,,,,,,,,,,,,,,,,,,
41,01-AST-OWF-MVC-kozirek-1.26,10.41.66.6,,Unifi,U7-Pro,94:2a:6f:ba:bb:f0,,,,,,,,,,,,,,,,,,,,,,,,,,,,,,,,,,,
42,01-AST-OWF-MVC-2.01,"	
10.41.66.8",,Unifi,U7-Pro,94:2a:6f:ba:2d:ac,,,,,,,,,,,,,,,,,,,,,,,,,,,,,,,,,,,
43,01-AST-OWF-MVC-2.03,"	
10.41.66.17",,Unifi,U7-Pro,94:2a:6f:ba:23:88,,,,,,,,,,,,,,,,,,,,,,,,,,,,,,,,,,,
44,01-AST-OWF-MVC-kozirek2,"	
10.41.66.4",,Unifi,U7-Pro,94:2a:6f:ba:a6:e0,,,,,,,,,,,,,,,,,,,,,,,,,,,,,,,,,,,
45,"	
01-AST-OWF-MVC-2.07",10.41.66.64,,Unifi,U7-Pro,94:2a:6f:ba:70:a4,,,,,,,,,,,,,,,,,,,,,,,,,,,,,,,,,,,
46,01-AST-OWF-MVC-3.02,"	
10.41.66.5",,Unifi,U7-Pro,94:2a:6f:a8:58:45,,,,,,,,,,,,,,,,,,,,,,,,,,,,,,,,,,,
47,01-AST-OWF-MVC-2.10,10.41.66.65,,Unifi,U7-Pro,94:2a:6f:ba:c2:4c,,,,,,,,,,,,,,,,,,,,,,,,,,,,,,,,,,,
,01-AST-OWF-KC,,,,,,,,,,,,,,,,,,,,,,,,,,,,,,,,,,,,,,,,
1,01-AST-OWF-KC-0.01,10.41.66.253,,Unifi,U7-Pro,,,,+,,,,,,,,,,,,,,,,,,,,,,,,,,,,,,,,
2,01-AST-OWF-KC-0.02,10.41.66.254,,Unifi,U7-Pro,,,,+,,,,,,,,,,,,,,,,,,,,,,,,,,,,,,,,
3,01-AST-OWF-KC-0.03,10.41.66.235,,Unifi,U7-Pro,,,,+,,,,,,,,,,,,,,,,,,,,,,,,,,,,,,,,
4,01-AST-OWF-KC-0.04,10.41.66.245,,Unifi,U7-Pro,,,,+,,,,,,,,,,,,,,,,,,,,,,,,,,,,,,,,
5,01-AST-OWF-KC-0.05,10.41.66.201,,Unifi,U7-Pro,,,,+,,,,,,,,,,,,,,,,,,,,,,,,,,,,,,,,
6,01-AST-OWF-KC-0.06,10.41.66.251,,Unifi,U7-Pro,,,,+,,,,,,,,,,,,,,,,,,,,,,,,,,,,,,,,
7,01-AST-OWF-KC-0.07,10.41.66.244,,Unifi,U7-Pro,,,,+,,,,,,,,,,,,,,,,,,,,,,,,,,,,,,,,
8,01-AST-OWF-KC-0.08,10.41.66.246,,Unifi,U7-Pro,,,,+,,,,,,,,,,,,,,,,,,,,,,,,,,,,,,,,
9,01-AST-OWF-KC-0.09,10.41.66.247,,Unifi,U7-Pro,,,,+,,,,,,,,,,,,,,,,,,,,,,,,,,,,,,,,
10,01-AST-OWF-KC-0.10,10.41.66.248,,Unifi,U7-Pro,,,,+,,,,,,,,,,,,,,,,,,,,,,,,,,,,,,,,
11,01-AST-OWF-KC-0.11,"	
10.41.66.249",,Unifi,U7-Pro,,,,+,,,,,,,,,,,,,,,,,,,,,,,,,,,,,,,,
12,01-AST-OWF-KC-0.12,10.41.66.250,,Unifi,U7-Pro,,,,+,,,,,,,,,,,,,,,,,,,,,,,,,,,,,,,,
13,01-AST-OWF-KC-1.01,10.41.66.241,,Unifi,U7-Pro,,,,+,,,,,,,,,,,,,,,,,,,,,,,,,,,,,,,,
14,01-AST-OWF-KC-1.02,10.41.66.240,,Unifi,U7-Pro,,,,+,,,,,,,,,,,,,,,,,,,,,,,,,,,,,,,,
15,01-AST-OWF-KC-1.03,10.41.66.236,,Unifi,U7-Pro,,,,+,,,,,,,,,,,,,,,,,,,,,,,,,,,,,,,,
16,01-AST-OWF-KC-1.04,10.41.66.243,,Unifi,U7-Pro,,,,+,,,,,,,,,,,,,,,,,,,,,,,,,,,,,,,,
17,01-AST-OWF-KC-1.05,10.41.66.238,,Unifi,U7-Pro,,,,+,,,,,,,,,,,,,,,,,,,,,,,,,,,,,,,,
18,01-AST-OWF-KC-1.06,10.41.66.239,,Unifi,U7-Pro,,,,+,,,,,,,,,,,,,,,,,,,,,,,,,,,,,,,,
19,"	
01-AST-OWF-KC-1.07","	
10.41.66.242",,Unifi,U7-Pro,,,,+,,,,,,,,,,,,,,,,,,,,,,,,,,,,,,,,
20,01-AST-OWF-KC-1.08,10.41.66.220,,Unifi,U7-Pro,,,,+,,,,,,,,,,,,,,,,,,,,,,,,,,,,,,,,
21,"	
01-AST-OWF-KC-1.09","	
10.41.66.219",,Unifi,U7-Pro,,,,+,,,,,,,,,,,,,,,,,,,,,,,,,,,,,,,,
22,01-AST-OWF-KC-1.10,"	
10.41.66.221",,Unifi,U7-Pro,,,,+,,,,,,,,,,,,,,,,,,,,,,,,,,,,,,,,
23,01-AST-OWF-KC-1.11,10.41.66.222,,Unifi,U7-Pro,,,,+,,,,,,,,,,,,,,,,,,,,,,,,,,,,,,,,
24,01-AST-OWF-KC-1.12,10.41.66.217,,Unifi,U7-Pro,,,,+,,,,,,,,,,,,,,,,,,,,,,,,,,,,,,,,
25,01-AST-OWF-KC-1.13,10.41.66.237,,Unifi,U7-Pro,,,,+,,,,,,,,,,,,,,,,,,,,,,,,,,,,,,,,
26,"	
01-AST-OWF-KC-1.14",10.41.66.216,,Unifi,U7-Pro,,,,+,,,,,,,,,,,,,,,,,,,,,,,,,,,,,,,,
27,01-AST-OWF-KC-1.15,10.41.66.223,,Unifi,U7-Pro,,,,+,,,,,,,,,,,,,,,,,,,,,,,,,,,,,,,,
28,01-AST-OWF-KC-1.16,10.41.66.218,,Unifi,U7-Pro,,,,+,,,,,,,,,,,,,,,,,,,,,,,,,,,,,,,,
29,01-AST-OWF-KC-2.01,"	
10.41.66.233",,Unifi,U7-Pro,,,,+,,,,,,,,,,,,,,,,,,,,,,,,,,,,,,,,
30,"	
01-AST-OWF-KC-2.02",10.41.66.234,,Unifi,U7-Pro,,,,+,,,,,,,,,,,,,,,,,,,,,,,,,,,,,,,,
31,01-AST-OWF-KC-2.03,10.41.66.230,,Unifi,U7-Pro,,,,+,,,,,,,,,,,,,,,,,,,,,,,,,,,,,,,,
32,01-AST-OWF-KC-2.04,10.41.66.229,,Unifi,U7-Pro,,,,+,,,,,,,,,,,,,,,,,,,,,,,,,,,,,,,,
33,"	
01-AST-OWF-KC-2.05",10.41.66.231,,Unifi,U7-Pro,,,,+,,,,,,,,,,,,,,,,,,,,,,,,,,,,,,,,
34,"	
01-AST-OWF-KC-2.06",10.41.66.215,,Unifi,U7-Pro,,,,+,,,,,,,,,,,,,,,,,,,,,,,,,,,,,,,,
35,01-AST-OWF-KC-2.07,10.41.66.214,,Unifi,U7-Pro,,,,+,,,,,,,,,,,,,,,,,,,,,,,,,,,,,,,,
36,01-AST-OWF-KC-2.08,"	
10.41.66.209",,Unifi,U7-Pro,,,,+,,,,,,,,,,,,,,,,,,,,,,,,,,,,,,,,
37,01-AST-OWF-KC-2.09,10.41.66.211,,Unifi,U7-Pro,,,,+,,,,,,,,,,,,,,,,,,,,,,,,,,,,,,,,
38,"	
01-AST-OWF-KC-2.10",10.41.66.213,,Unifi,U7-Pro,,,,+,,,,,,,,,,,,,,,,,,,,,,,,,,,,,,,,
39,01-AST-OWF-KC-2.11,10.41.66.212,,Unifi,U7-Pro,,,,+,,,,,,,,,,,,,,,,,,,,,,,,,,,,,,,,
40,01-AST-OWF-KC-2.12,10.41.66.208,,Unifi,U7-Pro,,,,+,,,,,,,,,,,,,,,,,,,,,,,,,,,,,,,,
41,"	
01-AST-OWF-KC-2.13",10.41.66.210,,Unifi,U7-Pro,,,,+,,,,,,,,,,,,,,,,,,,,,,,,,,,,,,,,
42,01-AST-OWF-KC-3.01,10.41.66.227,,Unifi,U7-Pro,,,,+,,,,,,,,,,,,,,,,,,,,,,,,,,,,,,,,
43,"	
01-AST-OWF-KC-3.02",10.41.66.224,,Unifi,U7-Pro,,,,+,,,,,,,,,,,,,,,,,,,,,,,,,,,,,,,,
44,01-AST-OWF-KC-3.05,"	
10.41.66.228",,Unifi,U7-Pro,,,,+,,,,,,,,,,,,,,,,,,,,,,,,,,,,,,,,
45,01-AST-OWF-KC-3.06,10.41.66.232,,Unifi,U7-Pro,,,,+,,,,,,,,,,,,,,,,,,,,,,,,,,,,,,,,
46,01-AST-OWF-KC-3.07,10.41.66.202,,Unifi,U7-Pro,,,,+,,,,,,,,,,,,,,,,,,,,,,,,,,,,,,,,
47,01-AST-OWF-KC-3.08,"	
10.41.66.203",,Unifi,U7-Pro,,,,+,,,,,,,,,,,,,,,,,,,,,,,,,,,,,,,,
48,01-AST-OWF-KC-3.09,"	
10.41.66.205",,Unifi,U7-Pro,,,,+,,,,,,,,,,,,,,,,,,,,,,,,,,,,,,,,
49,01-AST-OWF-KC-3.13,"	
10.41.66.207",,Unifi,U7-Pro,,,,+,,,,,,,,,,,,,,,,,,,,,,,,,,,,,,,,
50,01-AST-OWF-KC-3.14,10.41.66.206,,Unifi,U7-Pro,,,,+,,,,,,,,,,,,,,,,,,,,,,,,,,,,,,,,
51,"	
01-AST-OWF-KC-3.15",10.41.66.204,,Unifi,U7-Pro,,,,+,,,,,,,,,,,,,,,,,,,,,,,,,,,,,,,,
52,01-AST-OWF-KC-3.03,10.41.66.225,,Unifi,E7 Campus,,,,,,,,,,,,,,,,,,,,,,,,,,,,,,,,,,,,
53,01-AST-OWF-KC-3.04,10.41.66.226,,Unifi,E7 Campus,,,,,,,,,,,,,,,,,,,,,,,,,,,,,,,,,,,,
54,01-AST-OWF-KC-3.12,10.41.66.252,,Unifi,E7 Campus,,,,,,,,,,,,,,,,,,,,,,,,,,,,,,,,,,,,
55,01-AST-OWF-KC-3.11,10.41.66.200,,Unifi,E7 Campus,,,,,,,,,,,,,,,,,,,,,,,,,,,,,,,,,,,,
56,01-AST-OWF-KC-3.10,10.41.66.199,,Unifi,E7 Campus,,,,,,,,,,,,,,,,,,,,,,,,,,,,,,,,,,,,
,01-AST-OWF-Mugalim-Ardaim,,,,,,,,,,,,,,,,,,,,,,,,,,,,,,,,,,,,,,,,
1,01-AST-OWF-Mugalim-Ardaim-1Layer,10.41.67.12,,Unifi,U7-Pro,28:70:4e:d1:4e:f6,,,+,,,,,,,,,,,,,,,,,,,,,,,,,,,,,,,,
2,01-AST-OWF-Mugalim-Ardaim-2Layer,10.41.67.14,,Unifi,U7-Pro,28:70:4e:d1:33:fe,,,+,,,,,,,,,,,,,,,,,,,,,,,,,,,,,,,,
3,01-AST-OWF-Mugalim-Ardaim-3Layer,10.41.67.13,,Unifi,U7-Pro,28:70:4e:d1:34:e6,,,+,,,,,,,,,,,,,,,,,,,,,,,,,,,,,,,,
4,01-AST-OWF-Mugalim-Ardaim-4Layer,10.41.67.11,,Unifi,U7-Pro,28:70:4e:d1:61:d2,,,+,,,,,,,,,,,,,,,,,,,,,,,,,,,,,,,,
,01-AST-OWF-MVD,,,,,,3,04.12.20.25,,,,,,,,,,,,,,,,,,,,,,,,,,,,,,,,,
,01-AST-OWF-MVD-01,10.41.67.20,,Unifi,U7 Outdoor,1c:6a:1b:96:20:58,,,+,,,,,,,,,,,,,,,,,,,,,,,,,,,,,,,,
,01-AST-OWF-MVD-02,10.41.67.21,,Unifi,U7 Outdoor,1c:6a:1b:96:1c:c2,,,+,,,,,,,,,,,,,,,,,,,,,,,,,,,,,,,,
,01-AST-OWF-MVD-03,10.41.67.22,,Unifi,U7-Pro,28:70:4e:d1:32:5a,,,+,,,,,,,,,,,,,,,,,,,,,,,,,,,,,,,,
,01-AST-OWF-BarysArena,,,,,,,,,,,,,,,,,,,,,,,,,,,,,,,,,,,,,,,,
1,01-AST-OWF-BarysArena-A1.16,10.41.64.250,,E7,,94:2a:6f:44:bd:98,,,,,,,,,,,,,,,,,,,,,,,,,,,,,,,,,,,
2,01-AST-OWF-BarysArena-A1.18,10.41.64.235,,E7,,1c:0b:8b:00:9f:65,,,,,,,,,,,,,,,,,,,,,,,,,,,,,,,,,,,
3,01-AST-OWF-BarysArena-A1.19,10.41.64.239,,E7,,1c:0b:8b:00:a0:31,,,,,,,,,,,,,,,,,,,,,,,,,,,,,,,,,,,
4,01-AST-OWF-BarysArena-A1.21,10.41.64.241,,E7,,1c:0b:8b:00:a2:21,,,,,,,,,,,,,,,,,,,,,,,,,,,,,,,,,,,
5,01-AST-OWF-BarysArena-A1.20,10.41.64.218,,E7,,1c:0b:8b:00:9d:35,,,,,,,,,,,,,,,,,,,,,,,,,,,,,,,,,,,
6,01-AST-OWF-BarysArena-A1.15,10.41.64.252,,E7,,94:2a:6f:44:b9:c8,,,,,,,,,,,,,,,,,,,,,,,,,,,,,,,,,,,
7,01-AST-OWF-BarysArena-A1.22,10.41.64.227,,E7,,1c:0b:8b:00:9a:45,,,,,,,,,,,,,,,,,,,,,,,,,,,,,,,,,,,
8,01-AST-OWF-BarysArena-A1.17,10.41.64.233,,E7,,1c:0b:8b:00:4f:dd,,,,,,,,,,,,,,,,,,,,,,,,,,,,,,,,,,,
9,01-AST-OWF-BarysArena-A1.10,10.41.64.143,,E7 Campus,,8c:30:66:a2:ce:83,,,,,,,,,,,,,,,,,,,,,,,,,,,,,,,,,,,
10,01-AST-OWF-BarysArena-A1.01,10.41.64.242,,E7 Campus,,8c:30:66:a2:d8:b5,,,,,,,,,,,,,,,,,,,,,,,,,,,,,,,,,,,
11,01-AST-OWF-BarysArena-A1.12,10.41.64.152,,E7 Campus,,8c:30:66:a2:c8:7d,,,,,,,,,,,,,,,,,,,,,,,,,,,,,,,,,,,
12,01-AST-OWF-BarysArena-A1.03,10.41.64.248,,E7 Campus,,8c:30:66:a2:da:d1,,,,,,,,,,,,,,,,,,,,,,,,,,,,,,,,,,,
13,01-AST-OWF-BarysArena-A1.02,10.41.64.229,,E7 Campus,,8c:30:66:a2:db:bb,,,,,,,,,,,,,,,,,,,,,,,,,,,,,,,,,,,
14,01-AST-OWF-BarysArena-A1.11,10.41.64.223,,E7 Campus,,8c:30:66:a2:da:a7,,,,,,,,,,,,,,,,,,,,,,,,,,,,,,,,,,,
15,01-AST-OWF-BarysArena-A1.06,10.41.64.236,,E7 Campus,,8c:30:66:a2:d8:e5,,,,,,,,,,,,,,,,,,,,,,,,,,,,,,,,,,,
16,01-AST-OWF-BarysArena-A1.13,10.41.64.214,,E7 Campus,,8c:30:66:a2:d9:63,,,,,,,,,,,,,,,,,,,,,,,,,,,,,,,,,,,
17,01-AST-OWF-BarysArena-A1.09,10.41.64.245,,E7 Campus,,8c:30:66:a2:d2:d9,,,,,,,,,,,,,,,,,,,,,,,,,,,,,,,,,,,
18,01-AST-OWF-BarysArena-A1.04,10.41.64.228,,E7 Campus,,8c:30:66:a2:d1:e9,,,,,,,,,,,,,,,,,,,,,,,,,,,,,,,,,,,
19,01-AST-OWF-BarysArena-A1.14,10.41.65.219,,E7 Campus,,8c:30:66:a2:db:c1,,,,,,,,,,,,,,,,,,,,,,,,,,,,,,,,,,,
20,01-AST-OWF-BarysArena-A1.08,10.41.64.249,,E7 Campus,,8c:30:66:a2:d3:ab,,,,,,,,,,,,,,,,,,,,,,,,,,,,,,,,,,,
21,01-AST-OWF-BarysArena-A1.07,10.41.64.226,,E7 Campus,,8c:30:66:a2:eb:c9,,,,,,,,,,,,,,,,,,,,,,,,,,,,,,,,,,,
22,01-AST-OWF-BarysArena-A1.05,10.41.64.225,,E7 Campus,,8c:30:66:a2:ce:05,,,,,,,,,,,,,,,,,,,,,,,,,,,,,,,,,,,
23,01-AST-OWF-BarysArena-3.19,10.41.65.194,,U7 Pro,,28:70:4e:7f:67:49,,,,,,,,,,,,,,,,,,,,,,,,,,,,,,,,,,,
24,01-AST-OWF-BarysArena-3.31,10.41.64.188,,U7 Pro,,28:70:4e:7f:42:89,,,,,,,,,,,,,,,,,,,,,,,,,,,,,,,,,,,
25,01-AST-OWF-BarysArena-022,10.41.64.254,,U7 Pro,,28:70:4e:65:f2:db,,,,,,,,,,,,,,,,,,,,,,,,,,,,,,,,,,,
26,01-AST-OWF-BarysArena-5.12,10.41.64.238,,U7 Pro,,28:70:4e:65:e0:cf,,,,,,,,,,,,,,,,,,,,,,,,,,,,,,,,,,,
27,01-AST-OWF-BarysArena-2.04,10.41.64.209,,U7 Pro,,28:70:4e:65:e2:d3,,,,,,,,,,,,,,,,,,,,,,,,,,,,,,,,,,,
28,01-AST-OWF-BarysArena-3.03,10.41.64.200,,U7 Pro,,28:70:4e:65:e3:c3,,,,,,,,,,,,,,,,,,,,,,,,,,,,,,,,,,,
29,01-AST-OWF-BarysArena-5.06,10.41.64.240,,U7 Pro,,28:70:4e:65:f0:77,,,,,,,,,,,,,,,,,,,,,,,,,,,,,,,,,,,
30,01-AST-OWF-BarysArena-2.08,10.41.64.222,,U7 Pro,,28:70:4e:65:e0:23,,,,,,,,,,,,,,,,,,,,,,,,,,,,,,,,,,,
31,01-AST-OWF-BarysArena-3.25,10.41.64.192,,U7 Pro,,28:70:4e:7e:e4:29,,,,,,,,,,,,,,,,,,,,,,,,,,,,,,,,,,,
32,01-AST-OWF-BarysArena-3.09,10.41.64.197,,U7 Pro,,28:70:4e:7e:d0:dd,,,,,,,,,,,,,,,,,,,,,,,,,,,,,,,,,,,
33,01-AST-OWF-BarysArena-2.10,10.41.65.212,,U7 Pro,,28:70:4e:66:24:f9,,,,,,,,,,,,,,,,,,,,,,,,,,,,,,,,,,,
34,01-AST-OWF-BarysArena-2.02,10.41.64.213,,U7 Pro,,28:70:4e:8b:ab:41,,,,,,,,,,,,,,,,,,,,,,,,,,,,,,,,,,,
35,01-AST-OWF-BarysArena-019,10.41.64.243,,U7 Pro,,28:70:4e:7e:91:81,,,,,,,,,,,,,,,,,,,,,,,,,,,,,,,,,,,
36,01-AST-OWF-BarysArena-028,10.41.64.189,,U7 Pro,,28:70:4e:8b:ab:71,,,,,,,,,,,,,,,,,,,,,,,,,,,,,,,,,,,
37,01-AST-OWF-BarysArena-2.01,10.41.64.217,,U7 Pro,,28:70:4e:65:f4:db,,,,,,,,,,,,,,,,,,,,,,,,,,,,,,,,,,,
38,01-AST-OWF-BarysArena-5.08,10.41.64.246,,U7 Pro,,28:70:4e:65:ee:4f,,,,,,,,,,,,,,,,,,,,,,,,,,,,,,,,,,,
39,01-AST-OWF-BarysArena-2.12,10.41.64.202,,U7 Pro,,28:70:4e:65:e0:07,,,,,,,,,,,,,,,,,,,,,,,,,,,,,,,,,,,
40,01-AST-OWF-BarysArena-5.03,10.41.64.230,,U7 Pro,,28:70:4e:65:f4:93,,,,,,,,,,,,,,,,,,,,,,,,,,,,,,,,,,,
41,01-AST-OWF-BarysArena-020,10.41.64.206,,U7 Pro,,28:70:4e:65:e2:6f,,,,,,,,,,,,,,,,,,,,,,,,,,,,,,,,,,,
42,01-AST-OWF-BarysArena-5.04,10.41.64.234,,U7 Pro,,28:70:4e:65:f3:a7,,,,,,,,,,,,,,,,,,,,,,,,,,,,,,,,,,,
43,01-AST-OWF-BarysArena-3.17,10.41.64.193,,U7 Pro,,28:70:4e:7f:64:39,,,,,,,,,,,,,,,,,,,,,,,,,,,,,,,,,,,
44,01-AST-OWF-BarysArena-5.14,10.41.64.215,,U7 Pro,,28:70:4e:65:e2:ff,,,,,,,,,,,,,,,,,,,,,,,,,,,,,,,,,,,
45,01-AST-OWF-BarysArena-2.05,10.41.64.207,,U7 Pro,,28:70:4e:65:e6:47,,,,,,,,,,,,,,,,,,,,,,,,,,,,,,,,,,,
46,01-AST-OWF-BarysArena-5.07,10.41.64.231,,U7 Pro,,28:70:4e:66:2b:19,,,,,,,,,,,,,,,,,,,,,,,,,,,,,,,,,,,
47,01-AST-OWF-BarysArena-5.10,10.41.64.203,,U7 Pro,,28:70:4e:65:e0:1b,,,,,,,,,,,,,,,,,,,,,,,,,,,,,,,,,,,
48,01-AST-OWF-BarysArena-5.01,10.41.64.221,,U7 Pro,,28:70:4e:65:e3:a7,,,,,,,,,,,,,,,,,,,,,,,,,,,,,,,,,,,
49,01-AST-OWF-BarysArena-2.13,10.41.64.220,,U7 Pro,,28:70:4e:8b:ac:f9,,,,,,,,,,,,,,,,,,,,,,,,,,,,,,,,,,,
50,01-AST-OWF-BarysArena-5.11,10.41.64.161,,U7 Pro,,28:70:4e:65:f3:6f,,,,,,,,,,,,,,,,,,,,,,,,,,,,,,,,,,,
51,01-AST-OWF-BarysArena-3.17,10.41.64.191,,U7 Pro,,28:70:4e:7e:da:79,,,,,,,,,,,,,,,,,,,,,,,,,,,,,,,,,,,
52,01-AST-OWF-BarysArena-5.05,10.41.64.232,,U7 Pro,,28:70:4e:65:e0:4f,,,,,,,,,,,,,,,,,,,,,,,,,,,,,,,,,,,
53,01-AST-OWF-BarysArena-3.11,10.41.64.195,,U7 Pro,,28:70:4e:65:e3:7f,,,,,,,,,,,,,,,,,,,,,,,,,,,,,,,,,,,
54,01-AST-OWF-BarysArena-5.09/vip4layer,10.41.64.237,,U7 Pro,,28:70:4e:65:f9:67,,,,,,,,,,,,,,,,,,,,,,,,,,,,,,,,,,,
55,01-AST-OWF-BarysArena-3.15,10.41.64.187,,U7 Pro,,28:70:4e:7e:d1:7d,,,,,,,,,,,,,,,,,,,,,,,,,,,,,,,,,,,
56,01-AST-OWF-BarysArena-3.07,10.41.64.198,,U7 Pro,,28:70:4e:65:e0:17,,,,,,,,,,,,,,,,,,,,,,,,,,,,,,,,,,,
57,01-AST-OWF-BarysArena-3.21,10.41.64.196,,U7 Pro,,28:70:4e:7e:e5:59,,,,,,,,,,,,,,,,,,,,,,,,,,,,,,,,,,,
58,01-AST-OWF-BarysArena-2.03,10.41.64.247,,U7 Pro,,28:70:4e:7f:2a:fd,,,,,,,,,,,,,,,,,,,,,,,,,,,,,,,,,,,
59,01-AST-OWF-BarysArena-016,10.41.64.253,,U7 Pro,,28:70:4e:8b:a9:21,,,,,,,,,,,,,,,,,,,,,,,,,,,,,,,,,,,
60,01-AST-OWF-BarysArena-3.27,10.41.64.190,,U7 Pro,,28:70:4e:7f:54:51,,,,,,,,,,,,,,,,,,,,,,,,,,,,,,,,,,,
61,01-AST-OWF-BarysArena-2.09,10.41.64.244,,U7 Pro,,28:70:4e:66:64:d9,,,,,,,,,,,,,,,,,,,,,,,,,,,,,,,,,,,
62,01-AST-OWF-BarysArena-3.05,10.41.64.199,,U7 Pro,,28:70:4e:65:e3:5b,,,,,,,,,,,,,,,,,,,,,,,,,,,,,,,,,,,
63,01-AST-OWF-BarysArena-2.06,10.41.64.251,,U7 Pro,,28:70:4e:65:e5:2f,,,,,,,,,,,,,,,,,,,,,,,,,,,,,,,,,,,
64,01-AST-OWF-BarysArena-5.02,10.41.64.224,,U7 Pro,,28:70:4e:65:f5:37,,,,,,,,,,,,,,,,,,,,,,,,,,,,,,,,,,,
65,01-AST-OWF-BarysArena-3.01,10.41.64.201,,U7 Pro,,28:70:4e:65:fe:1b,,,,,,,,,,,,,,,,,,,,,,,,,,,,,,,,,,,
,01-AST-OWF-EXPO-Parking,,,,,,70,,,,,,,,,,,,,,,,,,,,,,,,,,,,,,,,,,
1,01-AST-OWF-Parking-1,10.41.65.191,,Yuncore,AX980-6E_indoor,7C:27:3C:67:69:A8,,,+,,,,,,,,,,,,,,,,,,,,,,,,,,,,,,,,
2,01-AST-OWF-Parking-10,10.41.65.237,,Yuncore,AX980-6E_indoor,7C:27:3C:67:62:0F,,,+,,,,,,,,,,,,,,,,,,,,,,,,,,,,,,,,
3,01-AST-OWF-Parking-11,10.41.65.239,,Yuncore,AX980-6E_indoor,7C:27:3C:67:6E:17,,,+,,,,,,,,,,,,,,,,,,,,,,,,,,,,,,,,
4,01-AST-OWF-Parking-12,10.41.65.235,,Yuncore,AX980-6E_indoor,7C:27:3C:67:62:B9,,,+,,,,,,,,,,,,,,,,,,,,,,,,,,,,,,,,
5,01-AST-OWF-Parking-13,10.41.65.236,,Yuncore,AX980-6E_indoor,7C:27:3C:67:5F:6C,,,+,,,,,,,,,,,,,,,,,,,,,,,,,,,,,,,,
6,01-AST-OWF-Parking-14,10.41.65.234,,Yuncore,AX980-6E_indoor,7C:27:3C:67:7B:4B,,,+,,,,,,,,,,,,,,,,,,,,,,,,,,,,,,,,
7,01-AST-OWF-Parking-15,10.41.65.218,,Yuncore,AX980-6E_indoor,7C:27:3C:67:61:3D,,,+,,,,,,,,,,,,,,,,,,,,,,,,,,,,,,,,
8,01-AST-OWF-Parking-16,10.41.65.195,,Yuncore,AX980-6E_indoor,7C:27:3C:67:6B:7E,,,+,,,,,,,,,,,,,,,,,,,,,,,,,,,,,,,,
9,01-AST-OWF-Parking-17,10.41.65.190,,Yuncore,AX980-6E_indoor,7C:27:3C:67:65:0C,,,+,,,,,,,,,,,,,,,,,,,,,,,,,,,,,,,,
10,01-AST-OWF-Parking-18,10.41.65.198,,Yuncore,AX980-6E_indoor,7C:27:3C:67:67:B9,,,+,,,,,,,,,,,,,,,,,,,,,,,,,,,,,,,,
11,01-AST-OWF-Parking-19,10.41.65.240,,Yuncore,AX980-6E_indoor,7C:27:3C:67:6A:2A,,,+,,,,,,,,,,,,,,,,,,,,,,,,,,,,,,,,
12,01-AST-OWF-Parking-2,10.41.65.243,,Yuncore,AX980-6E_indoor,7C:27:3C:67:76:E6,,,+,,,,,,,,,,,,,,,,,,,,,,,,,,,,,,,,
13,01-AST-OWF-Parking-20,10.41.65.199,,Yuncore,AX980-6E_indoor,7C:27:3C:67:6F:1B,,,+,,,,,,,,,,,,,,,,,,,,,,,,,,,,,,,,
14,01-AST-OWF-Parking-21,10.41.65.196,,Yuncore,AX980-6E_indoor,7C:27:3C:67:63:7C,,,+,,,,,,,,,,,,,,,,,,,,,,,,,,,,,,,,
15,01-AST-OWF-Parking-22,10.41.65.197,,Yuncore,AX980-6E_indoor,7C:27:3C:67:60:2F,,,+,,,,,,,,,,,,,,,,,,,,,,,,,,,,,,,,
16,01-AST-OWF-Parking-23,10.41.65.194,,Yuncore,AX980-6E_indoor,7C:27:3C:67:6D:0E,,,+,,,,,,,,,,,,,,,,,,,,,,,,,,,,,,,,
17,01-AST-OWF-Parking-24,10.41.65.193,,Yuncore,AX980-6E_indoor,7C:27:3C:67:6A:2F,,,+,,,,,,,,,,,,,,,,,,,,,,,,,,,,,,,,
18,01-AST-OWF-Parking-25,10.41.65.192,,Yuncore,AX980-6E_indoor,7C:27:3C:67:6C:A5,,,+,,,,,,,,,,,,,,,,,,,,,,,,,,,,,,,,
19,01-AST-OWF-Parking-26,10.41.65.231,,Yuncore,AX980-6E_indoor,7C:27:3C:67:6B:88,,,+,,,,,,,,,,,,,,,,,,,,,,,,,,,,,,,,
20,01-AST-OWF-Parking-27,10.41.65.232,,Yuncore,AX980-6E_indoor,7C:27:3C:67:61:1A,,,+,,,,,,,,,,,,,,,,,,,,,,,,,,,,,,,,
21,01-AST-OWF-Parking-28,10.41.65.180,,Yuncore,AX980-6E_indoor,7C:27:3C:67:73:CB,,,+,,,,,,,,,,,,,,,,,,,,,,,,,,,,,,,,
22,01-AST-OWF-Parking-29,10.41.65.217,,Yuncore,AX980-6E_indoor,7C:27:3C:67:63:22,,,+,,,,,,,,,,,,,,,,,,,,,,,,,,,,,,,,
23,01-AST-OWF-Parking-3,10.41.65.244,,Yuncore,AX980-6E_indoor,7C:27:3C:67:64:AD,,,+,,,,,,,,,,,,,,,,,,,,,,,,,,,,,,,,
24,01-AST-OWF-Parking-30,10.41.65.233,,Yuncore,AX980-6E_indoor,7C:27:3C:67:6F:39,,,+,,,,,,,,,,,,,,,,,,,,,,,,,,,,,,,,
25,01-AST-OWF-Parking-32,10.41.65.203,,Yuncore,AX980-6E_indoor,7C:27:3C:67:72:D1,,,+,,,,,,,,,,,,,,,,,,,,,,,,,,,,,,,,
26,01-AST-OWF-Parking-33,10.41.65.202,,Yuncore,AX980-6E_indoor,7C:27:3C:67:6B:74,,,+,,,,,,,,,,,,,,,,,,,,,,,,,,,,,,,,
27,01-AST-OWF-Parking-34,10.41.65.230,,Yuncore,AX980-6E_indoor,7C:27:3C:67:7A:6F,,,+,,,,,,,,,,,,,,,,,,,,,,,,,,,,,,,,
27,01-AST-OWF-Parking-35,10.41.65.201,,Yuncore,AX980-6E_indoor,7C:27:3C:67:60:61,,,+,,,,,,,,,,,,,,,,,,,,,,,,,,,,,,,,
27,01-AST-OWF-Parking-34,10.41.65.200,,Yuncore,AX980-6E_indoor,7C:27:3C:67:60:57,,,+,,,,,,,,,,,,,,,,,,,,,,,,,,,,,,,,
27,01-AST-OWF-Parking-34,10.41.65.223,,Yuncore,AX980-6E_indoor,7C:27:3C:67:66:1A,,,+,,,,,,,,,,,,,,,,,,,,,,,,,,,,,,,,
27,01-AST-OWF-Parking-34,10.41.65.213,,Yuncore,AX980-6E_indoor,7C:27:3C:67:6A:1B,,,+,,,,,,,,,,,,,,,,,,,,,,,,,,,,,,,,
27,01-AST-OWF-Parking-34,10.41.65.214,,Yuncore,AX980-6E_indoor,7C:27:3C:67:6B:D3,,,+,,,,,,,,,,,,,,,,,,,,,,,,,,,,,,,,
27,01-AST-OWF-Parking-34,10.41.65.242,,Yuncore,AX980-6E_indoor,7C:27:3C:67:73:BC,,,+,,,,,,,,,,,,,,,,,,,,,,,,,,,,,,,,
27,01-AST-OWF-Parking-34,10.41.65.222,,Yuncore,AX980-6E_indoor,7C:27:3C:67:74:A2,,,+,,,,,,,,,,,,,,,,,,,,,,,,,,,,,,,,
27,01-AST-OWF-Parking-34,10.41.65.221,,Yuncore,AX980-6E_indoor,7C:27:3C:67:6A:8E,,,+,,,,,,,,,,,,,,,,,,,,,,,,,,,,,,,,
27,01-AST-OWF-Parking-34,10.41.65.228,,Yuncore,AX980-6E_indoor,7C:27:3C:67:6F:ED,,,+,,,,,,,,,,,,,,,,,,,,,,,,,,,,,,,,
27,01-AST-OWF-Parking-34,10.41.65.227,,Yuncore,AX980-6E_indoor,7C:27:3C:67:6C:14,,,+,,,,,,,,,,,,,,,,,,,,,,,,,,,,,,,,
27,01-AST-OWF-Parking-34,10.41.65.229,,Yuncore,AX980-6E_indoor,7C:27:3C:67:69:D0,,,+,,,,,,,,,,,,,,,,,,,,,,,,,,,,,,,,
27,01-AST-OWF-Parking-34,10.41.65.225,,Yuncore,AX980-6E_indoor,7C:27:3C:67:71:5A,,,+,,,,,,,,,,,,,,,,,,,,,,,,,,,,,,,,
27,01-AST-OWF-Parking-34,10.41.65.215,,Yuncore,AX980-6E_indoor,7C:27:3C:67:77:B8,,,+,,,,,,,,,,,,,,,,,,,,,,,,,,,,,,,,
27,01-AST-OWF-Parking-34,10.41.65.216,,Yuncore,AX980-6E_indoor,7C:27:3C:67:6A:B1,,,+,,,,,,,,,,,,,,,,,,,,,,,,,,,,,,,,
27,01-AST-OWF-Parking-34,10.41.65.226,,Yuncore,AX980-6E_indoor,7C:27:3C:67:6E:49,,,+,,,,,,,,,,,,,,,,,,,,,,,,,,,,,,,,
27,01-AST-OWF-Parking-34,10.41.65.224,,Yuncore,AX980-6E_indoor,7C:27:3C:67:74:57,,,+,,,,,,,,,,,,,,,,,,,,,,,,,,,,,,,,
27,01-AST-OWF-Parking-34,10.41.65.245,,Yuncore,AX980-6E_indoor,7C:27:3C:67:6A:7A,,,+,,,,,,,,,,,,,,,,,,,,,,,,,,,,,,,,
27,01-AST-OWF-Parking-34,10.41.65.205,,Yuncore,AX980-6E_indoor,7C:27:3C:67:6F:7F,,,+,,,,,,,,,,,,,,,,,,,,,,,,,,,,,,,,
27,01-AST-OWF-Parking-34,10.41.65.204,,Yuncore,AX980-6E_indoor,7C:27:3C:67:6F:CF,,,+,,,,,,,,,,,,,,,,,,,,,,,,,,,,,,,,
47,01-AST-OWF-Parking-52,10.41.65.207,,Yuncore,AX980-6E_indoor,7C:27:3C:67:6F:52,,,+,,,,,,,,,,,,,,,,,,,,,,,,,,,,,,,,
48,01-AST-OWF-Parking-53,10.41.65.206,,Yuncore,AX980-6E_indoor,7C:27:3C:67:60:93,,,+,,,,,,,,,,,,,,,,,,,,,,,,,,,,,,,,
49,01-AST-OWF-Parking-54,10.41.65.208,,Yuncore,AX980-6E_indoor,7C:27:3C:67:64:53,,,+,,,,,,,,,,,,,,,,,,,,,,,,,,,,,,,,
50,01-AST-OWF-Parking-55,10.41.65.251,,Yuncore,AX980-6E_indoor,7C:27:3C:67:5F:CB,,,+,,,,,,,,,,,,,,,,,,,,,,,,,,,,,,,,
51,01-AST-OWF-Parking-56,10.41.65.209,,Yuncore,AX980-6E_indoor,7C:27:3C:67:6E:26,,,+,,,,,,,,,,,,,,,,,,,,,,,,,,,,,,,,
52,01-AST-OWF-Parking-57,10.41.65.246,,Yuncore,AX980-6E_indoor,7C:27:3C:67:64:3F,,,+,,,,,,,,,,,,,,,,,,,,,,,,,,,,,,,,
53,01-AST-OWF-Parking-58,10.41.65.241,,Yuncore,AX980-6E_indoor,7C:27:3C:67:64:8F,,,+,,,,,,,,,,,,,,,,,,,,,,,,,,,,,,,,
54,01-AST-OWF-Parking-59,10.41.65.189,,Yuncore,AX980-6E_indoor,7C:27:3C:67:66:06,,,+,,,,,,,,,,,,,,,,,,,,,,,,,,,,,,,,
55,01-AST-OWF-Parking-60,10.41.65.247,,Yuncore,AX980-6E_indoor,7C:27:3C:67:62:91,,,+,,,,,,,,,,,,,,,,,,,,,,,,,,,,,,,,
56,01-AST-OWF-Parking-61,10.41.65.249,,Yuncore,AX980-6E_indoor,7C:27:3C:67:5F:BC,,,+,,,,,,,,,,,,,,,,,,,,,,,,,,,,,,,,
57,01-AST-OWF-Parking-62,10.41.65.211,,Yuncore,AX980-6E_indoor,7C:27:3C:67:73:12,,,+,,,,,,,,,,,,,,,,,,,,,,,,,,,,,,,,
58,01-AST-OWF-Parking-63,10.41.65.212,,Yuncore,AX980-6E_indoor,7C:27:3C:67:6B:2E,,,+,,,,,,,,,,,,,,,,,,,,,,,,,,,,,,,,
59,01-AST-OWF-Parking-64,10.41.65.210,,Yuncore,AX980-6E_indoor,7C:27:3C:67:62:2D,,,+,,,,,,,,,,,,,,,,,,,,,,,,,,,,,,,,
60,01-AST-OWF-Parking-68,10.41.65.248,,Yuncore,AX980-6E_indoor,7C:27:3C:67:75:1A,,,+,,,,,,,,,,,,,,,,,,,,,,,,,,,,,,,,
61,01-AST-OWF-Parking-69,10.41.65.250,,Yuncore,AX980-6E_indoor,7C:27:3C:67:6A:F7,,,+,,,,,,,,,,,,,,,,,,,,,,,,,,,,,,,,
62,01-AST-OWF-Parking-7,10.41.65.220,,Yuncore,AX980-6E_indoor,7C:27:3C:67:6D:B3,,,+,,,,,,,,,,,,,,,,,,,,,,,,,,,,,,,,
63,01-AST-OWF-Parking-71,10.41.65.253,,Yuncore,AX980-6E_indoor,7C:27:3C:67:61:4C,,,+,,,,,,,,,,,,,,,,,,,,,,,,,,,,,,,,
64,01-AST-OWF-Parking-72,10.41.65.254,,Yuncore,AX980-6E_indoor,7C:27:3C:67:7B:BE,,,+,,,,,,,,,,,,,,,,,,,,,,,,,,,,,,,,
65,01-AST-OWF-Parking-73,10.41.65.252,,Yuncore,AX980-6E_indoor,7C:27:3C:67:66:42,,,+,,,,,,,,,,,,,,,,,,,,,,,,,,,,,,,,
66,01-AST-OWF-Parking-8,10.41.65.238,,Yuncore,AX980-6E_indoor,7C:27:3C:67:5F:17,,,+,,,,,,,,,,,,,,,,,,,,,,,,,,,,,,,,
67,01-AST-OWF-Parking-9,10.41.65.219,,Yuncore,AX980-6E_indoor,7C:27:3C:67:62:55,,,+,,,,,,,,,,,,,,,,,,,,,,,,,,,,,,,,
68,01-AST-OWF-Parking-16.1,10.41.65.187,,Yuncore,AX980-6E_indoor,7C:27:3C:67:6B:24,,,+,,,,,,,,,,,,,,,,,,,,,,,,,,,,,,,,
69,01-AST-OWF-Parking-16.2,10.41.65.188,,Yuncore,AX980-6E_indoor,7C:27:3C:67:6E:08,,,+,,,,,,,,,,,,,,,,,,,,,,,,,,,,,,,,
70,01-AST-OWF-Parking-16.3,10.41.65.171,,Yuncore,AX980-6E_indoor,7C:27:3C:67:6D:09,,,+,,,,,,,,,,,,,,,,,,,,,,,,,,,,,,,,
,01-AST-OWF-Most-Arkar,,,,,,8,,,,,,,,,,,,,,,,,,,,,,,,,,,,,,,,,,
1,01-AST-OWF-Most-Arkar-01,10.41.67.44,,Unifi,E7 Campus,8c:30:66:a2:d7:9b,,,,,,,,,,,,,,,,,,,,,,,,,,,,,,,,,,,
2,01-AST-OWF-Most-Arkar-02,10.41.67.39,,Unifi,U7 Outdoor,"	
0c:ea:14:b3:a3:f4",,,,,,,,,,,,,,,,,,,,,,,,,,,,,,,,,,,
3,01-AST-OWF-Most-Arkar-03,10.41.67.41,,Unifi,U7 Outdoor,"	
0c:ea:14:b3:9c:65",,,,,,,,,,,,,,,,,,,,,,,,,,,,,,,,,,,
4,01-AST-OWF-Most-Arkar-04,10.41.67.40,,Unifi,U7 Outdoor,0c:ea:14:b3:a2:08,,,,,,,,,,,,,,,,,,,,,,,,,,,,,,,,,,,
5,01-AST-OWF-Most-Arkar-05,10.41.67.43,,Unifi,U7 Outdoor,0c:ea:14:b3:a2:89,,,,,,,,,,,,,,,,,,,,,,,,,,,,,,,,,,,
6,01-AST-OWF-Most-Arkar-06,10.41.67.45,,Unifi,U7 Outdoor,0c:ea:14:b3:a3:d9,,,,,,,,,,,,,,,,,,,,,,,,,,,,,,,,,,,
7,01-AST-OWF-Most-Arkar-07,10.41.67.46,,Unifi,U7 Outdoor,"	
0c:ea:14:b3:9d:16",,,,,,,,,,,,,,,,,,,,,,,,,,,,,,,,,,,
8,01-AST-OWF-Most-Arkar-08,10.41.67.42,,Unifi,U7 Outdoor,0c:ea:14:b3:a2:e3,,,,,,,,,,,,,,,,,,,,,,,,,,,,,,,,,,,
